1,output,feature1,feature2,feature3,feature4,feature5,feature6,feature7,feature8,feature9,feature10
2,0,0,0,0,0,0,0,0,0,0,0
3,0.998334166,0.1,0.1,0.1,0.1,0.1,0.1,0.1,0.1,0.1,0.1
4,1.986693308,0.2,0.2,0.2,0.2,0.2,0.2,0.2,0.2,0.2,0.2
5,2.955202067,0.3,0.3,0.3,0.3,0.3,0.3,0.3,0.3,0.3,0.3
6,3.894183423,0.4,0.4,0.4,0.4,0.4,0.4,0.4,0.4,0.4,0.4
7,4.794255386,0.5,0.5,0.5,0.5,0.5,0.5,0.5,0.5,0.5,0.5
8,5.646424734,0.6,0.6,0.6,0.6,0.6,0.6,0.6,0.6,0.6,0.6
9,6.442176872,0.7,0.7,0.7,0.7,0.7,0.7,0.7,0.7,0.7,0.7
10,7.173560909,0.8,0.8,0.8,0.8,0.8,0.8,0.8,0.8,0.8,0.8
11,7.833269096,0.9,0.9,0.9,0.9,0.9,0.9,0.9,0.9,0.9,0.9
12,8.414709848,1,1,1,1,1,1,1,1,1,1
13,8.912073601,1.1,1.1,1.1,1.1,1.1,1.1,1.1,1.1,1.1,1.1
14,9.32039086,1.2,1.2,1.2,1.2,1.2,1.2,1.2,1.2,1.2,1.2
15,9.635581854,1.3,1.3,1.3,1.3,1.3,1.3,1.3,1.3,1.3,1.3
16,9.8544973,1.4,1.4,1.4,1.4,1.4,1.4,1.4,1.4,1.4,1.4
17,9.974949866,1.5,1.5,1.5,1.5,1.5,1.5,1.5,1.5,1.5,1.5
18,9.99573603,1.6,1.6,1.6,1.6,1.6,1.6,1.6,1.6,1.6,1.6
19,9.916648105,1.7,1.7,1.7,1.7,1.7,1.7,1.7,1.7,1.7,1.7
20,9.738476309,1.8,1.8,1.8,1.8,1.8,1.8,1.8,1.8,1.8,1.8
21,9.463000877,1.9,1.9,1.9,1.9,1.9,1.9,1.9,1.9,1.9,1.9
22,9.092974268,2,2,2,2,2,2,2,2,2,2
23,8.632093666,2.1,2.1,2.1,2.1,2.1,2.1,2.1,2.1,2.1,2.1
24,8.084964038,2.2,2.2,2.2,2.2,2.2,2.2,2.2,2.2,2.2,2.2
25,7.457052122,2.3,2.3,2.3,2.3,2.3,2.3,2.3,2.3,2.3,2.3
26,6.754631806,2.4,2.4,2.4,2.4,2.4,2.4,2.4,2.4,2.4,2.4
27,5.984721441,2.5,2.5,2.5,2.5,2.5,2.5,2.5,2.5,2.5,2.5
28,5.155013718,2.6,2.6,2.6,2.6,2.6,2.6,2.6,2.6,2.6,2.6
29,4.273798802,2.7,2.7,2.7,2.7,2.7,2.7,2.7,2.7,2.7,2.7
30,3.349881502,2.8,2.8,2.8,2.8,2.8,2.8,2.8,2.8,2.8,2.8
31,2.392493292,2.9,2.9,2.9,2.9,2.9,2.9,2.9,2.9,2.9,2.9
32,1.411200081,3,3,3,3,3,3,3,3,3,3
33,0.415806624,3.1,3.1,3.1,3.1,3.1,3.1,3.1,3.1,3.1,3.1
34,-0.583741434,3.2,3.2,3.2,3.2,3.2,3.2,3.2,3.2,3.2,3.2
35,-1.577456941,3.3,3.3,3.3,3.3,3.3,3.3,3.3,3.3,3.3,3.3
36,-2.55541102,3.4,3.4,3.4,3.4,3.4,3.4,3.4,3.4,3.4,3.4
37,-3.507832277,3.5,3.5,3.5,3.5,3.5,3.5,3.5,3.5,3.5,3.5
38,-4.425204433,3.6,3.6,3.6,3.6,3.6,3.6,3.6,3.6,3.6,3.6
39,-5.298361409,3.7,3.7,3.7,3.7,3.7,3.7,3.7,3.7,3.7,3.7
40,-6.118578909,3.8,3.8,3.8,3.8,3.8,3.8,3.8,3.8,3.8,3.8
41,-6.877661592,3.9,3.9,3.9,3.9,3.9,3.9,3.9,3.9,3.9,3.9
42,-7.568024953,4,4,4,4,4,4,4,4,4,4
43,-8.182771111,4.1,4.1,4.1,4.1,4.1,4.1,4.1,4.1,4.1,4.1
44,-8.715757724,4.2,4.2,4.2,4.2,4.2,4.2,4.2,4.2,4.2,4.2
45,-9.161659367,4.3,4.3,4.3,4.3,4.3,4.3,4.3,4.3,4.3,4.3
46,-9.516020739,4.4,4.4,4.4,4.4,4.4,4.4,4.4,4.4,4.4,4.4
47,-9.775301177,4.5,4.5,4.5,4.5,4.5,4.5,4.5,4.5,4.5,4.5
48,-9.936910036,4.6,4.6,4.6,4.6,4.6,4.6,4.6,4.6,4.6,4.6
49,-9.999232576,4.7,4.7,4.7,4.7,4.7,4.7,4.7,4.7,4.7,4.7
50,-9.961646088,4.8,4.8,4.8,4.8,4.8,4.8,4.8,4.8,4.8,4.8
51,-9.824526126,4.9,4.9,4.9,4.9,4.9,4.9,4.9,4.9,4.9,4.9
52,-9.589242747,5,5,5,5,5,5,5,5,5,5
53,-9.258146823,5.1,5.1,5.1,5.1,5.1,5.1,5.1,5.1,5.1,5.1
54,-8.834546557,5.2,5.2,5.2,5.2,5.2,5.2,5.2,5.2,5.2,5.2
55,-8.322674422,5.3,5.3,5.3,5.3,5.3,5.3,5.3,5.3,5.3,5.3
56,-7.727644876,5.4,5.4,5.4,5.4,5.4,5.4,5.4,5.4,5.4,5.4
57,-7.055403256,5.5,5.5,5.5,5.5,5.5,5.5,5.5,5.5,5.5,5.5
58,-6.312666379,5.6,5.6,5.6,5.6,5.6,5.6,5.6,5.6,5.6,5.6
59,-5.506855426,5.7,5.7,5.7,5.7,5.7,5.7,5.7,5.7,5.7,5.7
60,-4.646021794,5.8,5.8,5.8,5.8,5.8,5.8,5.8,5.8,5.8,5.8
61,-3.738766648,5.9,5.9,5.9,5.9,5.9,5.9,5.9,5.9,5.9,5.9
62,-2.794154982,6,6,6,6,6,6,6,6,6,6
63,-1.821625043,6.1,6.1,6.1,6.1,6.1,6.1,6.1,6.1,6.1,6.1
64,-0.830894028,6.2,6.2,6.2,6.2,6.2,6.2,6.2,6.2,6.2,6.2
65,0.168139005,6.3,6.3,6.3,6.3,6.3,6.3,6.3,6.3,6.3,6.3
66,1.165492049,6.4,6.4,6.4,6.4,6.4,6.4,6.4,6.4,6.4,6.4
67,2.151199881,6.5,6.5,6.5,6.5,6.5,6.5,6.5,6.5,6.5,6.5
68,3.115413635,6.6,6.6,6.6,6.6,6.6,6.6,6.6,6.6,6.6,6.6
69,4.048499206,6.7,6.7,6.7,6.7,6.7,6.7,6.7,6.7,6.7,6.7
70,4.941133511,6.8,6.8,6.8,6.8,6.8,6.8,6.8,6.8,6.8,6.8
71,5.784397644,6.9,6.9,6.9,6.9,6.9,6.9,6.9,6.9,6.9,6.9
72,6.569865987,7,7,7,7,7,7,7,7,7,7
73,7.289690401,7.1,7.1,7.1,7.1,7.1,7.1,7.1,7.1,7.1,7.1
74,7.936678638,7.2,7.2,7.2,7.2,7.2,7.2,7.2,7.2,7.2,7.2
75,8.504366206,7.3,7.3,7.3,7.3,7.3,7.3,7.3,7.3,7.3,7.3
76,8.987080958,7.4,7.4,7.4,7.4,7.4,7.4,7.4,7.4,7.4,7.4
77,9.379999768,7.5,7.5,7.5,7.5,7.5,7.5,7.5,7.5,7.5,7.5
78,9.67919672,7.6,7.6,7.6,7.6,7.6,7.6,7.6,7.6,7.6,7.6
79,9.881682339,7.7,7.7,7.7,7.7,7.7,7.7,7.7,7.7,7.7,7.7
80,9.985433454,7.8,7.8,7.8,7.8,7.8,7.8,7.8,7.8,7.8,7.8
81,9.989413418,7.9,7.9,7.9,7.9,7.9,7.9,7.9,7.9,7.9,7.9
82,9.893582466,8,8,8,8,8,8,8,8,8,8
83,9.698898108,8.1,8.1,8.1,8.1,8.1,8.1,8.1,8.1,8.1,8.1
84,9.407305567,8.2,8.2,8.2,8.2,8.2,8.2,8.2,8.2,8.2,8.2
85,9.021718338,8.3,8.3,8.3,8.3,8.3,8.3,8.3,8.3,8.3,8.3
86,8.545989081,8.4,8.4,8.4,8.4,8.4,8.4,8.4,8.4,8.4,8.4
87,7.984871126,8.5,8.5,8.5,8.5,8.5,8.5,8.5,8.5,8.5,8.5
88,7.343970979,8.6,8.6,8.6,8.6,8.6,8.6,8.6,8.6,8.6,8.6
89,6.629692301,8.7,8.7,8.7,8.7,8.7,8.7,8.7,8.7,8.7,8.7
90,5.849171929,8.8,8.8,8.8,8.8,8.8,8.8,8.8,8.8,8.8,8.8
91,5.010208565,8.9,8.9,8.9,8.9,8.9,8.9,8.9,8.9,8.9,8.9
92,4.121184852,9,9,9,9,9,9,9,9,9,9
93,3.190983623,9.1,9.1,9.1,9.1,9.1,9.1,9.1,9.1,9.1,9.1
94,2.228899141,9.2,9.2,9.2,9.2,9.2,9.2,9.2,9.2,9.2,9.2
95,1.244544235,9.3,9.3,9.3,9.3,9.3,9.3,9.3,9.3,9.3,9.3
96,0.247754255,9.4,9.4,9.4,9.4,9.4,9.4,9.4,9.4,9.4,9.4
97,-0.751511205,9.5,9.5,9.5,9.5,9.5,9.5,9.5,9.5,9.5,9.5
98,-1.743267812,9.6,9.6,9.6,9.6,9.6,9.6,9.6,9.6,9.6,9.6
99,-2.717606264,9.7,9.7,9.7,9.7,9.7,9.7,9.7,9.7,9.7,9.7
100,-3.664791293,9.8,9.8,9.8,9.8,9.8,9.8,9.8,9.8,9.8,9.8
101,-4.575358938,9.9,9.9,9.9,9.9,9.9,9.9,9.9,9.9,9.9,9.9
102,-5.440211109,10,10,10,10,10,10,10,10,10,10
103,-6.250706489,10.1,10.1,10.1,10.1,10.1,10.1,10.1,10.1,10.1,10.1
104,-6.998746876,10.2,10.2,10.2,10.2,10.2,10.2,10.2,10.2,10.2,10.2
105,-7.676858098,10.3,10.3,10.3,10.3,10.3,10.3,10.3,10.3,10.3,10.3
106,-8.278264691,10.4,10.4,10.4,10.4,10.4,10.4,10.4,10.4,10.4,10.4
107,-8.7969576,10.5,10.5,10.5,10.5,10.5,10.5,10.5,10.5,10.5,10.5
108,-9.227754216,10.6,10.6,10.6,10.6,10.6,10.6,10.6,10.6,10.6,10.6
109,-9.566350163,10.7,10.7,10.7,10.7,10.7,10.7,10.7,10.7,10.7,10.7
110,-9.809362301,10.8,10.8,10.8,10.8,10.8,10.8,10.8,10.8,10.8,10.8
111,-9.954362533,10.9,10.9,10.9,10.9,10.9,10.9,10.9,10.9,10.9,10.9
112,-9.999902066,11,11,11,11,11,11,11,11,11,11
113,-9.945525882,11.1,11.1,11.1,11.1,11.1,11.1,11.1,11.1,11.1,11.1
114,-9.791777292,11.2,11.2,11.2,11.2,11.2,11.2,11.2,11.2,11.2,11.2
115,-9.540192499,11.3,11.3,11.3,11.3,11.3,11.3,11.3,11.3,11.3,11.3
116,-9.193285257,11.4,11.4,11.4,11.4,11.4,11.4,11.4,11.4,11.4,11.4
117,-8.754521747,11.5,11.5,11.5,11.5,11.5,11.5,11.5,11.5,11.5,11.5
118,-8.22828595,11.6,11.6,11.6,11.6,11.6,11.6,11.6,11.6,11.6,11.6
119,-7.619835839,11.7,11.7,11.7,11.7,11.7,11.7,11.7,11.7,11.7,11.7
120,-6.935250848,11.8,11.8,11.8,11.8,11.8,11.8,11.8,11.8,11.8,11.8
121,-6.181371122,11.9,11.9,11.9,11.9,11.9,11.9,11.9,11.9,11.9,11.9
122,-5.36572918,12,12,12,12,12,12,12,12,12,12
123,-4.496474645,12.1,12.1,12.1,12.1,12.1,12.1,12.1,12.1,12.1,12.1
124,-3.582292822,12.2,12.2,12.2,12.2,12.2,12.2,12.2,12.2,12.2,12.2
125,-2.632317914,12.3,12.3,12.3,12.3,12.3,12.3,12.3,12.3,12.3,12.3
126,-1.656041754,12.4,12.4,12.4,12.4,12.4,12.4,12.4,12.4,12.4,12.4
127,-0.663218974,12.5,12.5,12.5,12.5,12.5,12.5,12.5,12.5,12.5,12.5
128,0.336230472,12.6,12.6,12.6,12.6,12.6,12.6,12.6,12.6,12.6,12.6
129,1.332320414,12.7,12.7,12.7,12.7,12.7,12.7,12.7,12.7,12.7,12.7
130,2.315098251,12.8,12.8,12.8,12.8,12.8,12.8,12.8,12.8,12.8,12.8
131,3.274744391,12.9,12.9,12.9,12.9,12.9,12.9,12.9,12.9,12.9,12.9
132,4.201670368,13,13,13,13,13,13,13,13,13,13
133,5.086614644,13.1,13.1,13.1,13.1,13.1,13.1,13.1,13.1,13.1,13.1
134,5.920735147,13.2,13.2,13.2,13.2,13.2,13.2,13.2,13.2,13.2,13.2
135,6.695697622,13.3,13.3,13.3,13.3,13.3,13.3,13.3,13.3,13.3,13.3
136,7.4037589,13.4,13.4,13.4,13.4,13.4,13.4,13.4,13.4,13.4,13.4
137,8.037844266,13.5,13.5,13.5,13.5,13.5,13.5,13.5,13.5,13.5,13.5
138,8.591618149,13.6,13.6,13.6,13.6,13.6,13.6,13.6,13.6,13.6,13.6
139,9.059547423,13.7,13.7,13.7,13.7,13.7,13.7,13.7,13.7,13.7,13.7
140,9.436956694,13.8,13.8,13.8,13.8,13.8,13.8,13.8,13.8,13.8,13.8
141,9.720075014,13.9,13.9,13.9,13.9,13.9,13.9,13.9,13.9,13.9,13.9
142,9.906073557,14,14,14,14,14,14,14,14,14,14
143,9.993093887,14.1,14.1,14.1,14.1,14.1,14.1,14.1,14.1,14.1,14.1
144,9.980266527,14.2,14.2,14.2,14.2,14.2,14.2,14.2,14.2,14.2,14.2
145,9.867719643,14.3,14.3,14.3,14.3,14.3,14.3,14.3,14.3,14.3,14.3
146,9.656577765,14.4,14.4,14.4,14.4,14.4,14.4,14.4,14.4,14.4,14.4
147,9.348950555,14.5,14.5,14.5,14.5,14.5,14.5,14.5,14.5,14.5,14.5
148,8.947911721,14.6,14.6,14.6,14.6,14.6,14.6,14.6,14.6,14.6,14.6
149,8.457468311,14.7,14.7,14.7,14.7,14.7,14.7,14.7,14.7,14.7,14.7
150,7.882520674,14.8,14.8,14.8,14.8,14.8,14.8,14.8,14.8,14.8,14.8
151,7.228813495,14.9,14.9,14.9,14.9,14.9,14.9,14.9,14.9,14.9,14.9
152,6.502878402,15,15,15,15,15,15,15,15,15,15
153,5.711968697,15.1,15.1,15.1,15.1,15.1,15.1,15.1,15.1,15.1,15.1
154,4.863986889,15.2,15.2,15.2,15.2,15.2,15.2,15.2,15.2,15.2,15.2
155,3.967405731,15.3,15.3,15.3,15.3,15.3,15.3,15.3,15.3,15.3,15.3
156,3.031183567,15.4,15.4,15.4,15.4,15.4,15.4,15.4,15.4,15.4,15.4
157,2.064674819,15.5,15.5,15.5,15.5,15.5,15.5,15.5,15.5,15.5,15.5
158,1.077536523,15.6,15.6,15.6,15.6,15.6,15.6,15.6,15.6,15.6,15.6
159,0.079631838,15.7,15.7,15.7,15.7,15.7,15.7,15.7,15.7,15.7,15.7
160,-0.919068502,15.8,15.8,15.8,15.8,15.8,15.8,15.8,15.8,15.8,15.8
161,-1.908585814,15.9,15.9,15.9,15.9,15.9,15.9,15.9,15.9,15.9,15.9
162,-2.879033167,16,16,16,16,16,16,16,16,16,16
163,-3.820714172,16.1,16.1,16.1,16.1,16.1,16.1,16.1,16.1,16.1,16.1
164,-4.724219864,16.2,16.2,16.2,16.2,16.2,16.2,16.2,16.2,16.2,16.2
165,-5.580522713,16.3,16.3,16.3,16.3,16.3,16.3,16.3,16.3,16.3,16.3
166,-6.381066823,16.4,16.4,16.4,16.4,16.4,16.4,16.4,16.4,16.4,16.4
167,-7.117853424,16.5,16.5,16.5,16.5,16.5,16.5,16.5,16.5,16.5,16.5
168,-7.783520785,16.6,16.6,16.6,16.6,16.6,16.6,16.6,16.6,16.6,16.6
169,-8.37141778,16.7,16.7,16.7,16.7,16.7,16.7,16.7,16.7,16.7,16.7
170,-8.875670336,16.8,16.8,16.8,16.8,16.8,16.8,16.8,16.8,16.8,16.8
171,-9.291240127,16.9,16.9,16.9,16.9,16.9,16.9,16.9,16.9,16.9,16.9
172,-9.613974919,17,17,17,17,17,17,17,17,17,17
173,-9.840650051,17.1,17.1,17.1,17.1,17.1,17.1,17.1,17.1,17.1,17.1
174,-9.96900066,17.2,17.2,17.2,17.2,17.2,17.2,17.2,17.2,17.2,17.2
175,-9.997744311,17.3,17.3,17.3,17.3,17.3,17.3,17.3,17.3,17.3,17.3
176,-9.926593805,17.4,17.4,17.4,17.4,17.4,17.4,17.4,17.4,17.4,17.4
177,-9.756260055,17.5,17.5,17.5,17.5,17.5,17.5,17.5,17.5,17.5,17.5
178,-9.488444979,17.6,17.6,17.6,17.6,17.6,17.6,17.6,17.6,17.6,17.6
179,-9.125824498,17.7,17.7,17.7,17.7,17.7,17.7,17.7,17.7,17.7,17.7
180,-8.672021795,17.8,17.8,17.8,17.8,17.8,17.8,17.8,17.8,17.8,17.8
181,-8.131571117,17.9,17.9,17.9,17.9,17.9,17.9,17.9,17.9,17.9,17.9
182,-7.509872468,18,18,18,18,18,18,18,18,18,18
183,-6.813137656,18.1,18.1,18.1,18.1,18.1,18.1,18.1,18.1,18.1,18.1
184,-6.048328224,18.2,18.2,18.2,18.2,18.2,18.2,18.2,18.2,18.2,18.2
185,-5.223085896,18.3,18.3,18.3,18.3,18.3,18.3,18.3,18.3,18.3,18.3
186,-4.345656221,18.4,18.4,18.4,18.4,18.4,18.4,18.4,18.4,18.4,18.4
187,-3.424806185,18.5,18.5,18.5,18.5,18.5,18.5,18.5,18.5,18.5,18.5
188,-2.469736617,18.6,18.6,18.6,18.6,18.6,18.6,18.6,18.6,18.6,18.6
189,-1.489990258,18.7,18.7,18.7,18.7,18.7,18.7,18.7,18.7,18.7,18.7
190,-0.495356409,18.8,18.8,18.8,18.8,18.8,18.8,18.8,18.8,18.8,18.8
191,0.504226878,18.9,18.9,18.9,18.9,18.9,18.9,18.9,18.9,18.9,18.9
192,1.498772097,19,19,19,19,19,19,19,19,19,19
193,2.47834208,19.1,19.1,19.1,19.1,19.1,19.1,19.1,19.1,19.1,19.1
194,3.433149288,19.2,19.2,19.2,19.2,19.2,19.2,19.2,19.2,19.2,19.2
195,4.353653604,19.3,19.3,19.3,19.3,19.3,19.3,19.3,19.3,19.3,19.3
196,5.230657652,19.4,19.4,19.4,19.4,19.4,19.4,19.4,19.4,19.4,19.4
197,6.055398697,19.5,19.5,19.5,19.5,19.5,19.5,19.5,19.5,19.5,19.5
198,6.819636201,19.6,19.6,19.6,19.6,19.6,19.6,19.6,19.6,19.6,19.6
199,7.515734154,19.7,19.7,19.7,19.7,19.7,19.7,19.7,19.7,19.7,19.7
200,8.136737375,19.8,19.8,19.8,19.8,19.8,19.8,19.8,19.8,19.8,19.8
201,8.676441006,19.9,19.9,19.9,19.9,19.9,19.9,19.9,19.9,19.9,19.9
202,9.129452507,20,20,20,20,20,20,20,20,20,20
203,9.491245536,20.1,20.1,20.1,20.1,20.1,20.1,20.1,20.1,20.1,20.1
204,9.758205178,20.2,20.2,20.2,20.2,20.2,20.2,20.2,20.2,20.2,20.2
205,9.927664058,20.3,20.3,20.3,20.3,20.3,20.3,20.3,20.3,20.3,20.3
206,9.997929001,20.4,20.4,20.4,20.4,20.4,20.4,20.4,20.4,20.4,20.4
207,9.968297943,20.5,20.5,20.5,20.5,20.5,20.5,20.5,20.5,20.5,20.5
208,9.839066946,20.6,20.6,20.6,20.6,20.6,20.6,20.6,20.6,20.6,20.6
209,9.611527245,20.7,20.7,20.7,20.7,20.7,20.7,20.7,20.7,20.7,20.7
210,9.287952341,20.8,20.8,20.8,20.8,20.8,20.8,20.8,20.8,20.8,20.8
211,8.871575287,20.9,20.9,20.9,20.9,20.9,20.9,20.9,20.9,20.9,20.9
212,8.366556385,21,21,21,21,21,21,21,21,21,21
213,7.777941618,21.1,21.1,21.1,21.1,21.1,21.1,21.1,21.1,21.1,21.1
214,7.111612229,21.2,21.2,21.2,21.2,21.2,21.2,21.2,21.2,21.2,21.2
215,6.374225962,21.3,21.3,21.3,21.3,21.3,21.3,21.3,21.3,21.3,21.3
216,5.573150535,21.4,21.4,21.4,21.4,21.4,21.4,21.4,21.4,21.4,21.4
217,4.716390031,21.5,21.5,21.5,21.5,21.5,21.5,21.5,21.5,21.5,21.5
218,3.812504917,21.6,21.6,21.6,21.6,21.6,21.6,21.6,21.6,21.6,21.6
219,2.870526513,21.7,21.7,21.7,21.7,21.7,21.7,21.7,21.7,21.7,21.7
220,1.899866758,21.8,21.8,21.8,21.8,21.8,21.8,21.8,21.8,21.8,21.8
221,0.910224162,21.9,21.9,21.9,21.9,21.9,21.9,21.9,21.9,21.9,21.9
222,-0.088513093,22,22,22,22,22,22,22,22,22,22
223,-1.086365954,22.1,22.1,22.1,22.1,22.1,22.1,22.1,22.1,22.1,22.1
224,-2.073364206,22.2,22.2,22.2,22.2,22.2,22.2,22.2,22.2,22.2,22.2
225,-3.039646088,22.3,22.3,22.3,22.3,22.3,22.3,22.3,22.3,22.3,22.3
226,-3.975556831,22.4,22.4,22.4,22.4,22.4,22.4,22.4,22.4,22.4,22.4
227,-4.871745125,22.5,22.5,22.5,22.5,22.5,22.5,22.5,22.5,22.5,22.5
228,-5.719256551,22.6,22.6,22.6,22.6,22.6,22.6,22.6,22.6,22.6,22.6
229,-6.509623057,22.7,22.7,22.7,22.7,22.7,22.7,22.7,22.7,22.7,22.7
230,-7.23494756,22.8,22.8,22.8,22.8,22.8,22.8,22.8,22.8,22.8,22.8
231,-7.88798286,22.9,22.9,22.9,22.9,22.9,22.9,22.9,22.9,22.9,22.9
232,-8.462204042,23,23,23,23,23,23,23,23,23,23
233,-8.951873678,23.1,23.1,23.1,23.1,23.1,23.1,23.1,23.1,23.1,23.1
234,-9.352099152,23.2,23.2,23.2,23.2,23.2,23.2,23.2,23.2,23.2,23.2
235,-9.658881542,23.3,23.3,23.3,23.3,23.3,23.3,23.3,23.3,23.3,23.3
236,-9.869155581,23.4,23.4,23.4,23.4,23.4,23.4,23.4,23.4,23.4,23.4
237,-9.98082028,23.5,23.5,23.5,23.5,23.5,23.5,23.5,23.5,23.5,23.5
238,-9.992759921,23.6,23.6,23.6,23.6,23.6,23.6,23.6,23.6,23.6,23.6
239,-9.904855209,23.7,23.7,23.7,23.7,23.7,23.7,23.7,23.7,23.7,23.7
240,-9.717984457,23.8,23.8,23.8,23.8,23.8,23.8,23.8,23.8,23.8,23.8
241,-9.434014818,23.9,23.9,23.9,23.9,23.9,23.9,23.9,23.9,23.9,23.9
242,-9.05578362,24,24,24,24,24,24,24,24,24,24
243,-8.587070026,24.1,24.1,24.1,24.1,24.1,24.1,24.1,24.1,24.1,24.1
244,-8.032557267,24.2,24.2,24.2,24.2,24.2,24.2,24.2,24.2,24.2,24.2
245,-7.397785851,24.3,24.3,24.3,24.3,24.3,24.3,24.3,24.3,24.3,24.3
246,-6.689098204,24.4,24.4,24.4,24.4,24.4,24.4,24.4,24.4,24.4,24.4
247,-5.913575299,24.5,24.5,24.5,24.5,24.5,24.5,24.5,24.5,24.5,24.5
248,-5.078965904,24.6,24.6,24.6,24.6,24.6,24.6,24.6,24.6,24.6,24.6
249,-4.193609161,24.7,24.7,24.7,24.7,24.7,24.7,24.7,24.7,24.7,24.7
250,-3.266351261,24.8,24.8,24.8,24.8,24.8,24.8,24.8,24.8,24.8,24.8
251,-2.306457059,24.9,24.9,24.9,24.9,24.9,24.9,24.9,24.9,24.9,24.9
252,-1.323517501,25,25,25,25,25,25,25,25,25,25
253,-0.327353793,25.1,25.1,25.1,25.1,25.1,25.1,25.1,25.1,25.1,25.1
254,0.672080725,25.2,25.2,25.2,25.2,25.2,25.2,25.2,25.2,25.2,25.2
255,1.664800035,25.3,25.3,25.3,25.3,25.3,25.3,25.3,25.3,25.3,25.3
256,2.640885214,25.4,25.4,25.4,25.4,25.4,25.4,25.4,25.4,25.4,25.4
257,3.59058354,25.5,25.5,25.5,25.5,25.5,25.5,25.5,25.5,25.5,25.5
258,4.504405943,25.6,25.6,25.6,25.6,25.6,25.6,25.6,25.6,25.6,25.6
259,5.37322181,25.7,25.7,25.7,25.7,25.7,25.7,25.7,25.7,25.7,25.7
260,6.188350221,25.8,25.8,25.8,25.8,25.8,25.8,25.8,25.8,25.8,25.8
261,6.941646683,25.9,25.9,25.9,25.9,25.9,25.9,25.9,25.9,25.9,25.9
262,7.625584505,26,26,26,26,26,26,26,26,26,26
263,8.233330007,26.1,26.1,26.1,26.1,26.1,26.1,26.1,26.1,26.1,26.1
264,8.758810798,26.2,26.2,26.2,26.2,26.2,26.2,26.2,26.2,26.2,26.2
265,9.196776447,26.3,26.3,26.3,26.3,26.3,26.3,26.3,26.3,26.3,26.3
266,9.542850945,26.4,26.4,26.4,26.4,26.4,26.4,26.4,26.4,26.4,26.4
267,9.793576431,26.5,26.5,26.5,26.5,26.5,26.5,26.5,26.5,26.5,26.5
268,9.946447739,26.6,26.6,26.6,26.6,26.6,26.6,26.6,26.6,26.6,26.6
269,9.999937429,26.7,26.7,26.7,26.7,26.7,26.7,26.7,26.7,26.7,26.7
270,9.953511049,26.8,26.8,26.8,26.8,26.8,26.8,26.8,26.8,26.8,26.8
271,9.807632477,26.9,26.9,26.9,26.9,26.9,26.9,26.9,26.9,26.9,26.9
272,9.563759284,27,27,27,27,27,27,27,27,27,27
273,9.224328169,27.1,27.1,27.1,27.1,27.1,27.1,27.1,27.1,27.1,27.1
274,8.792730617,27.2,27.2,27.2,27.2,27.2,27.2,27.2,27.2,27.2,27.2
275,8.273279006,27.3,27.3,27.3,27.3,27.3,27.3,27.3,27.3,27.3,27.3
276,7.671163526,27.4,27.4,27.4,27.4,27.4,27.4,27.4,27.4,27.4,27.4
277,6.992400317,27.5,27.5,27.5,27.5,27.5,27.5,27.5,27.5,27.5,27.5
278,6.243771354,27.6,27.6,27.6,27.6,27.6,27.6,27.6,27.6,27.6,27.6
279,5.432756692,27.7,27.7,27.7,27.7,27.7,27.7,27.7,27.7,27.7,27.7
280,4.567459721,27.8,27.8,27.8,27.8,27.8,27.8,27.8,27.8,27.8,27.8
281,3.656526203,27.9,27.9,27.9,27.9,27.9,27.9,27.9,27.9,27.9,27.9
282,2.709057883,28,28,28,28,28,28,28,28,28,28
283,1.734521552,28.1,28.1,28.1,28.1,28.1,28.1,28.1,28.1,28.1,28.1
284,0.742654456,28.2,28.2,28.2,28.2,28.2,28.2,28.2,28.2,28.2,28.2
285,-0.256632999,28.3,28.3,28.3,28.3,28.3,28.3,28.3,28.3,28.3,28.3
286,-1.253356261,28.4,28.4,28.4,28.4,28.4,28.4,28.4,28.4,28.4,28.4
287,-2.237556402,28.5,28.5,28.5,28.5,28.5,28.5,28.5,28.5,28.5,28.5
288,-3.199399619,28.6,28.6,28.6,28.6,28.6,28.6,28.6,28.6,28.6,28.6
289,-4.129275492,28.7,28.7,28.7,28.7,28.7,28.7,28.7,28.7,28.7,28.7
290,-5.01789301,28.8,28.8,28.8,28.8,28.8,28.8,28.8,28.8,28.8,28.8
291,-5.8563734,28.9,28.9,28.9,28.9,28.9,28.9,28.9,28.9,28.9,28.9
292,-6.636338842,29,29,29,29,29,29,29,29,29,29
293,-7.34999618,29.1,29.1,29.1,29.1,29.1,29.1,29.1,29.1,29.1,29.1
294,-7.990214787,29.2,29.2,29.2,29.2,29.2,29.2,29.2,29.2,29.2,29.2
295,-8.550597808,29.3,29.3,29.3,29.3,29.3,29.3,29.3,29.3,29.3,29.3
296,-9.025546082,29.4,29.4,29.4,29.4,29.4,29.4,29.4,29.4,29.4,29.4
297,-9.410314083,29.5,29.5,29.5,29.5,29.5,29.5,29.5,29.5,29.5,29.5
298,-9.701057337,29.6,29.6,29.6,29.6,29.6,29.6,29.6,29.6,29.6,29.6
299,-9.894870833,29.7,29.7,29.7,29.7,29.7,29.7,29.7,29.7,29.7,29.7
300,-9.989818049,29.8,29.8,29.8,29.8,29.8,29.8,29.8,29.8,29.8,29.8
301,-9.984950307,29.9,29.9,29.9,29.9,29.9,29.9,29.9,29.9,29.9,29.9
302,-9.880316241,30,30,30,30,30,30,30,30,30,30
303,-9.676961321,30.1,30.1,30.1,30.1,30.1,30.1,30.1,30.1,30.1,30.1
304,-9.376917403,30.2,30.2,30.2,30.2,30.2,30.2,30.2,30.2,30.2,30.2
305,-8.983182426,30.3,30.3,30.3,30.3,30.3,30.3,30.3,30.3,30.3,30.3
306,-8.499690459,30.4,30.4,30.4,30.4,30.4,30.4,30.4,30.4,30.4,30.4
307,-7.931272395,30.5,30.5,30.5,30.5,30.5,30.5,30.5,30.5,30.5,30.5
308,-7.283607678,30.6,30.6,30.6,30.6,30.6,30.6,30.6,30.6,30.6,30.6
309,-6.563167562,30.7,30.7,30.7,30.7,30.7,30.7,30.7,30.7,30.7,30.7
310,-5.777150444,30.8,30.8,30.8,30.8,30.8,30.8,30.8,30.8,30.8,30.8
311,-4.93340995,30.9,30.9,30.9,30.9,30.9,30.9,30.9,30.9,30.9,30.9
312,-4.040376453,31,31,31,31,31,31,31,31,31,31
313,-3.106972851,31.1,31.1,31.1,31.1,31.1,31.1,31.1,31.1,31.1,31.1
314,-2.142525403,31.2,31.2,31.2,31.2,31.2,31.2,31.2,31.2,31.2,31.2
315,-1.156670549,31.3,31.3,31.3,31.3,31.3,31.3,31.3,31.3,31.3,31.3
316,-0.159258626,31.4,31.4,31.4,31.4,31.4,31.4,31.4,31.4,31.4,31.4
317,0.839744557,31.5,31.5,31.5,31.5,31.5,31.5,31.5,31.5,31.5,31.5
318,1.83035729,31.6,31.6,31.6,31.6,31.6,31.6,31.6,31.6,31.6,31.6
319,2.802681698,31.7,31.7,31.7,31.7,31.7,31.7,31.7,31.7,31.7,31.7
320,3.747002636,31.8,31.8,31.8,31.8,31.8,31.8,31.8,31.8,31.8,31.8
321,4.653884764,31.9,31.9,31.9,31.9,31.9,31.9,31.9,31.9,31.9,31.9
322,5.514266812,32,32,32,32,32,32,32,32,32,32
323,6.31955213,32.1,32.1,32.1,32.1,32.1,32.1,32.1,32.1,32.1,32.1
324,7.061694572,32.2,32.2,32.2,32.2,32.2,32.2,32.2,32.2,32.2,32.2
325,7.733278896,32.3,32.3,32.3,32.3,32.3,32.3,32.3,32.3,32.3,32.3
326,8.327594853,32.4,32.4,32.4,32.4,32.4,32.4,32.4,32.4,32.4,32.4
327,8.838704235,32.5,32.5,32.5,32.5,32.5,32.5,32.5,32.5,32.5,32.5
328,9.261500207,32.6,32.6,32.6,32.6,32.6,32.6,32.6,32.6,32.6,32.6
329,9.59175833,32.7,32.7,32.7,32.7,32.7,32.7,32.7,32.7,32.7,32.7
330,9.826178774,32.8,32.8,32.8,32.8,32.8,32.8,32.8,32.8,32.8,32.8
331,9.962419288,32.9,32.9,32.9,32.9,32.9,32.9,32.9,32.9,32.9,32.9
332,9.999118601,33,33,33,33,33,33,33,33,33,33
333,9.935910027,33.1,33.1,33.1,33.1,33.1,33.1,33.1,33.1,33.1,33.1
334,9.773425124,33.2,33.2,33.2,33.2,33.2,33.2,33.2,33.2,33.2,33.2
335,9.513287388,33.3,33.3,33.3,33.3,33.3,33.3,33.3,33.3,33.3,33.3
336,9.158096029,33.4,33.4,33.4,33.4,33.4,33.4,33.4,33.4,33.4,33.4
337,8.711400002,33.5,33.5,33.5,33.5,33.5,33.5,33.5,33.5,33.5,33.5
338,8.177662545,33.6,33.6,33.6,33.6,33.6,33.6,33.6,33.6,33.6,33.6
339,7.562216588,33.7,33.7,33.7,33.7,33.7,33.7,33.7,33.7,33.7,33.7
340,6.871211462,33.8,33.8,33.8,33.8,33.8,33.8,33.8,33.8,33.8,33.8
341,6.111551463,33.9,33.9,33.9,33.9,33.9,33.9,33.9,33.9,33.9,33.9
342,5.290826861,34,34,34,34,34,34,34,34,34,34
343,4.417238067,34.1,34.1,34.1,34.1,34.1,34.1,34.1,34.1,34.1,34.1
344,3.49951369,34.2,34.2,34.2,34.2,34.2,34.2,34.2,34.2,34.2,34.2
345,2.546823328,34.3,34.3,34.3,34.3,34.3,34.3,34.3,34.3,34.3,34.3
346,1.56868595,34.4,34.4,34.4,34.4,34.4,34.4,34.4,34.4,34.4,34.4
347,0.574874781,34.5,34.5,34.5,34.5,34.5,34.5,34.5,34.5,34.5,34.5
348,-0.424680347,34.6,34.6,34.6,34.6,34.6,34.6,34.6,34.6,34.6,34.6
349,-1.41999221,34.7,34.7,34.7,34.7,34.7,34.7,34.7,34.7,34.7,34.7
350,-2.40111598,34.8,34.8,34.8,34.8,34.8,34.8,34.8,34.8,34.8,34.8
351,-3.358248592,34.9,34.9,34.9,34.9,34.9,34.9,34.9,34.9,34.9,34.9
352,-4.281826695,35,35,35,35,35,35,35,35,35,35
353,-5.162622201,35.1,35.1,35.1,35.1,35.1,35.1,35.1,35.1,35.1,35.1
354,-5.991834492,35.2,35.2,35.2,35.2,35.2,35.2,35.2,35.2,35.2,35.2
355,-6.761178354,35.3,35.3,35.3,35.3,35.3,35.3,35.3,35.3,35.3,35.3
356,-7.462966756,35.4,35.4,35.4,35.4,35.4,35.4,35.4,35.4,35.4,35.4
357,-8.090187662,35.5,35.5,35.5,35.5,35.5,35.5,35.5,35.5,35.5,35.5
358,-8.636574087,35.6,35.6,35.6,35.6,35.6,35.6,35.6,35.6,35.6,35.6
359,-9.096666718,35.7,35.7,35.7,35.7,35.7,35.7,35.7,35.7,35.7,35.7
360,-9.465868463,35.8,35.8,35.8,35.8,35.8,35.8,35.8,35.8,35.8,35.8
361,-9.740490379,35.9,35.9,35.9,35.9,35.9,35.9,35.9,35.9,35.9,35.9
362,-9.917788534,36,36,36,36,36,36,36,36,36,36
363,-9.995991426,36.1,36.1,36.1,36.1,36.1,36.1,36.1,36.1,36.1,36.1
364,-9.974317675,36.2,36.2,36.2,36.2,36.2,36.2,36.2,36.2,36.2,36.2
365,-9.852983838,36.3,36.3,36.3,36.3,36.3,36.3,36.3,36.3,36.3,36.3
366,-9.633202245,36.4,36.4,36.4,36.4,36.4,36.4,36.4,36.4,36.4,36.4
367,-9.317168879,36.5,36.5,36.5,36.5,36.5,36.5,36.5,36.5,36.5,36.5
368,-8.908041441,36.6,36.6,36.6,36.6,36.6,36.6,36.6,36.6,36.6,36.6
369,-8.409907798,36.7,36.7,36.7,36.7,36.7,36.7,36.7,36.7,36.7,36.7
370,-7.827745136,36.8,36.8,36.8,36.8,36.8,36.8,36.8,36.8,36.8,36.8
371,-7.167370232,36.9,36.9,36.9,36.9,36.9,36.9,36.9,36.9,36.9,36.9
372,-6.435381334,37,37,37,37,37,37,37,37,37,37
373,-5.639092233,37.1,37.1,37.1,37.1,37.1,37.1,37.1,37.1,37.1,37.1
374,-4.786459186,37.2,37.2,37.2,37.2,37.2,37.2,37.2,37.2,37.2,37.2
375,-3.886001421,37.3,37.3,37.3,37.3,37.3,37.3,37.3,37.3,37.3,37.3
376,-2.946716015,37.4,37.4,37.4,37.4,37.4,37.4,37.4,37.4,37.4,37.4
377,-1.977987996,37.5,37.5,37.5,37.5,37.5,37.5,37.5,37.5,37.5,37.5
378,-0.989496576,37.6,37.6,37.6,37.6,37.6,37.6,37.6,37.6,37.6,37.6
379,0.008881568,37.7,37.7,37.7,37.7,37.7,37.7,37.7,37.7,37.7,37.7
380,1.00717097,37.8,37.8,37.8,37.8,37.8,37.8,37.8,37.8,37.8,37.8
381,1.995397052,37.9,37.9,37.9,37.9,37.9,37.9,37.9,37.9,37.9,37.9
382,2.963685787,38,38,38,38,38,38,38,38,38,38
383,3.902362353,38.1,38.1,38.1,38.1,38.1,38.1,38.1,38.1,38.1,38.1
384,4.802047804,38.2,38.2,38.2,38.2,38.2,38.2,38.2,38.2,38.2,38.2
385,5.653752781,38.3,38.3,38.3,38.3,38.3,38.3,38.3,38.3,38.3,38.3
386,6.448967329,38.4,38.4,38.4,38.4,38.4,38.4,38.4,38.4,38.4,38.4
387,7.179745928,38.5,38.5,38.5,38.5,38.5,38.5,38.5,38.5,38.5,38.5
388,7.838786878,38.6,38.6,38.6,38.6,38.6,38.6,38.6,38.6,38.6,38.6
389,8.419505261,38.7,38.7,38.7,38.7,38.7,38.7,38.7,38.7,38.7,38.7
390,8.91609873,38.8,38.8,38.8,38.8,38.8,38.8,38.8,38.8,38.8,38.8
391,9.323605489,38.9,38.9,38.9,38.9,38.9,38.9,38.9,38.9,38.9,38.9
392,9.637953863,39,39,39,39,39,39,39,39,39,39
393,9.856002988,39.1,39.1,39.1,39.1,39.1,39.1,39.1,39.1,39.1,39.1
394,9.975574189,39.2,39.2,39.2,39.2,39.2,39.2,39.2,39.2,39.2,39.2
395,9.99547275,39.3,39.3,39.3,39.3,39.3,39.3,39.3,39.3,39.3,39.3
396,9.915499852,39.4,39.4,39.4,39.4,39.4,39.4,39.4,39.4,39.4,39.4
397,9.736454557,39.5,39.5,39.5,39.5,39.5,39.5,39.5,39.5,39.5,39.5
398,9.460125826,39.6,39.6,39.6,39.6,39.6,39.6,39.6,39.6,39.6,39.6
399,9.089274645,39.7,39.7,39.7,39.7,39.7,39.7,39.7,39.7,39.7,39.7
400,8.627606437,39.8,39.8,39.8,39.8,39.8,39.8,39.8,39.8,39.8,39.8
401,8.079734037,39.9,39.9,39.9,39.9,39.9,39.9,39.9,39.9,39.9,39.9
402,7.451131605,40,40,40,40,40,40,40,40,40,40
403,6.748079929,40.1,40.1,40.1,40.1,40.1,40.1,40.1,40.1,40.1,40.1
404,5.977603669,40.2,40.2,40.2,40.2,40.2,40.2,40.2,40.2,40.2,40.2
405,5.147401169,40.3,40.3,40.3,40.3,40.3,40.3,40.3,40.3,40.3,40.3
406,4.265767538,40.4,40.4,40.4,40.4,40.4,40.4,40.4,40.4,40.4,40.4
407,3.341511768,40.5,40.5,40.5,40.5,40.5,40.5,40.5,40.5,40.5,40.5
408,2.383868717,40.6,40.6,40.6,40.6,40.6,40.6,40.6,40.6,40.6,40.6
409,1.402406838,40.7,40.7,40.7,40.7,40.7,40.7,40.7,40.7,40.7,40.7
410,0.406932573,40.8,40.8,40.8,40.8,40.8,40.8,40.8,40.8,40.8,40.8
411,-0.592607627,40.9,40.9,40.9,40.9,40.9,40.9,40.9,40.9,40.9,40.9
412,-1.586226688,41,41,41,41,41,41,41,41,41,41
413,-2.563996696,41.1,41.1,41.1,41.1,41.1,41.1,41.1,41.1,41.1,41.1
414,-3.516148097,41.2,41.2,41.2,41.2,41.2,41.2,41.2,41.2,41.2,41.2
415,-4.433167309,41.3,41.3,41.3,41.3,41.3,41.3,41.3,41.3,41.3,41.3
416,-5.305891778,41.4,41.4,41.4,41.4,41.4,41.4,41.4,41.4,41.4,41.4
417,-6.12560153,41.5,41.5,41.5,41.5,41.5,41.5,41.5,41.5,41.5,41.5
418,-6.884106296,41.6,41.6,41.6,41.6,41.6,41.6,41.6,41.6,41.6,41.6
419,-7.573827348,41.7,41.7,41.7,41.7,41.7,41.7,41.7,41.7,41.7,41.7
420,-8.187873221,41.8,41.8,41.8,41.8,41.8,41.8,41.8,41.8,41.8,41.8
421,-8.720108571,41.9,41.9,41.9,41.9,41.9,41.9,41.9,41.9,41.9,41.9
422,-9.165215479,42,42,42,42,42,42,42,42,42,42
423,-9.518746583,42.1,42.1,42.1,42.1,42.1,42.1,42.1,42.1,42.1,42.1
424,-9.777169518,42.2,42.2,42.2,42.2,42.2,42.2,42.2,42.2,42.2,42.2
425,-9.937902207,42.3,42.3,42.3,42.3,42.3,42.3,42.3,42.3,42.3,42.3
426,-9.999338663,42.4,42.4,42.4,42.4,42.4,42.4,42.4,42.4,42.4,42.4
427,-9.960865031,42.5,42.5,42.5,42.5,42.5,42.5,42.5,42.5,42.5,42.5
428,-9.822865729,42.6,42.6,42.6,42.6,42.6,42.6,42.6,42.6,42.6,42.6
429,-9.5867196,42.7,42.7,42.7,42.7,42.7,42.7,42.7,42.7,42.7,42.7
430,-9.254786137,42.8,42.8,42.8,42.8,42.8,42.8,42.8,42.8,42.8,42.8
431,-8.83038191,42.9,42.9,42.9,42.9,42.9,42.9,42.9,42.9,42.9,42.9
432,-8.317747426,43,43,43,43,43,43,43,43,43,43
433,-7.72200476,43.1,43.1,43.1,43.1,43.1,43.1,43.1,43.1,43.1,43.1
434,-7.049106374,43.2,43.2,43.2,43.2,43.2,43.2,43.2,43.2,43.2,43.2
435,-6.305775648,43.3,43.3,43.3,43.3,43.3,43.3,43.3,43.3,43.3,43.3
436,-5.499439696,43.4,43.4,43.4,43.4,43.4,43.4,43.4,43.4,43.4,43.4
437,-4.63815516,43.5,43.5,43.5,43.5,43.5,43.5,43.5,43.5,43.5,43.5
438,-3.730527711,43.6,43.6,43.6,43.6,43.6,43.6,43.6,43.6,43.6,43.6
439,-2.785626062,43.7,43.7,43.7,43.7,43.7,43.7,43.7,43.7,43.7,43.7
440,-1.812891359,43.8,43.8,43.8,43.8,43.8,43.8,43.8,43.8,43.8,43.8
441,-0.822042844,43.9,43.9,43.9,43.9,43.9,43.9,43.9,43.9,43.9,43.9
442,0.177019251,44,44,44,44,44,44,44,44,44,44
443,1.174312628,44.1,44.1,44.1,44.1,44.1,44.1,44.1,44.1,44.1,44.1
444,2.159872662,44.2,44.2,44.2,44.2,44.2,44.2,44.2,44.2,44.2,44.2
445,3.123851962,44.3,44.3,44.3,44.3,44.3,44.3,44.3,44.3,44.3,44.3
446,4.056618766,44.4,44.4,44.4,44.4,44.4,44.4,44.4,44.4,44.4,44.4
447,4.948853176,44.5,44.5,44.5,44.5,44.5,44.5,44.5,44.5,44.5,44.5
448,5.79164028,44.6,44.6,44.6,44.6,44.6,44.6,44.6,44.6,44.6,44.6
449,6.57655923,44.7,44.7,44.7,44.7,44.7,44.7,44.7,44.7,44.7,44.7
450,7.295767374,44.8,44.8,44.8,44.8,44.8,44.8,44.8,44.8,44.8,44.8
451,7.942078622,44.9,44.9,44.9,44.9,44.9,44.9,44.9,44.9,44.9,44.9
452,8.509035245,45,45,45,45,45,45,45,45,45,45
453,8.990972401,45.1,45.1,45.1,45.1,45.1,45.1,45.1,45.1,45.1,45.1
454,9.383074733,45.2,45.2,45.2,45.2,45.2,45.2,45.2,45.2,45.2,45.2
455,9.681424484,45.3,45.3,45.3,45.3,45.3,45.3,45.3,45.3,45.3,45.3
456,9.883040642,45.4,45.4,45.4,45.4,45.4,45.4,45.4,45.4,45.4,45.4
457,9.985908724,45.5,45.5,45.5,45.5,45.5,45.5,45.5,45.5,45.5,45.5
458,9.989000907,45.6,45.6,45.6,45.6,45.6,45.6,45.6,45.6,45.6,45.6
459,9.892286296,45.7,45.7,45.7,45.7,45.7,45.7,45.7,45.7,45.7,45.7
460,9.696731229,45.8,45.8,45.8,45.8,45.8,45.8,45.8,45.8,45.8,45.8
461,9.404289629,45.9,45.9,45.9,45.9,45.9,45.9,45.9,45.9,45.9,45.9
462,9.017883476,46,46,46,46,46,46,46,46,46,46
463,8.541373613,46.1,46.1,46.1,46.1,46.1,46.1,46.1,46.1,46.1,46.1
464,7.979521167,46.2,46.2,46.2,46.2,46.2,46.2,46.2,46.2,46.2,46.2
465,7.337939984,46.3,46.3,46.3,46.3,46.3,46.3,46.3,46.3,46.3,46.3
466,6.62304053,46.4,46.4,46.4,46.4,46.4,46.4,46.4,46.4,46.4,46.4
467,5.841965844,46.5,46.5,46.5,46.5,46.5,46.5,46.5,46.5,46.5,46.5
468,5.002520167,46.6,46.6,46.6,46.6,46.6,46.6,46.6,46.6,46.6,46.6
469,4.113090962,46.7,46.7,46.7,46.7,46.7,46.7,46.7,46.7,46.7,46.7
470,3.182565111,46.8,46.8,46.8,46.8,46.8,46.8,46.8,46.8,46.8,46.8
471,2.220240122,46.9,46.9,46.9,46.9,46.9,46.9,46.9,46.9,46.9,46.9
472,1.235731227,47,47,47,47,47,47,47,47,47,47
473,0.238875315,47.1,47.1,47.1,47.1,47.1,47.1,47.1,47.1,47.1,47.1
474,-0.760367361,47.2,47.2,47.2,47.2,47.2,47.2,47.2,47.2,47.2,47.2
475,-1.752012697,47.3,47.3,47.3,47.3,47.3,47.3,47.3,47.3,47.3,47.3
476,-2.726152501,47.4,47.4,47.4,47.4,47.4,47.4,47.4,47.4,47.4,47.4
477,-3.673053491,47.5,47.5,47.5,47.5,47.5,47.5,47.5,47.5,47.5,47.5
478,-4.583254545,47.6,47.6,47.6,47.6,47.6,47.6,47.6,47.6,47.6,47.6
479,-5.447661234,47.7,47.7,47.7,47.7,47.7,47.7,47.7,47.7,47.7,47.7
480,-6.257636693,47.8,47.8,47.8,47.8,47.8,47.8,47.8,47.8,47.8,47.8
481,-7.005087915,47.9,47.9,47.9,47.9,47.9,47.9,47.9,47.9,47.9,47.9
482,-7.682546613,48,48,48,48,48,48,48,48,48,48
483,-8.283243846,48.1,48.1,48.1,48.1,48.1,48.1,48.1,48.1,48.1,48.1
484,-8.801177644,48.2,48.2,48.2,48.2,48.2,48.2,48.2,48.2,48.2,48.2
485,-9.231172984,48.3,48.3,48.3,48.3,48.3,48.3,48.3,48.3,48.3,48.3
486,-9.568933495,48.4,48.4,48.4,48.4,48.4,48.4,48.4,48.4,48.4,48.4
487,-9.811084386,48.5,48.5,48.5,48.5,48.5,48.5,48.5,48.5,48.5,48.5
488,-9.955206165,48.6,48.6,48.6,48.6,48.6,48.6,48.6,48.6,48.6,48.6
489,-9.999858814,48.7,48.7,48.7,48.7,48.7,48.7,48.7,48.7,48.7,48.7
490,-9.94459618,48.8,48.8,48.8,48.8,48.8,48.8,48.8,48.8,48.8,48.8
491,-9.789970428,48.9,48.9,48.9,48.9,48.9,48.9,48.9,48.9,48.9,48.9
492,-9.537526528,49,49,49,49,49,49,49,49,49,49
493,-9.189786815,49.1,49.1,49.1,49.1,49.1,49.1,49.1,49.1,49.1,49.1
494,-8.75022579,49.2,49.2,49.2,49.2,49.2,49.2,49.2,49.2,49.2,49.2
495,-8.223235401,49.3,49.3,49.3,49.3,49.3,49.3,49.3,49.3,49.3,49.3
496,-7.614081163,49.4,49.4,49.4,49.4,49.4,49.4,49.4,49.4,49.4,49.4
497,-6.928849542,49.5,49.5,49.5,49.5,49.5,49.5,49.5,49.5,49.5,49.5
498,-6.174387148,49.6,49.6,49.6,49.6,49.6,49.6,49.6,49.6,49.6,49.6
499,-5.358232317,49.7,49.7,49.7,49.7,49.7,49.7,49.7,49.7,49.7,49.7
500,-4.488539801,49.8,49.8,49.8,49.8,49.8,49.8,49.8,49.8,49.8,49.8
501,-3.573999279,49.9,49.9,49.9,49.9,49.9,49.9,49.9,49.9,49.9,49.9
502,-2.623748537,50,50,50,50,50,50,50,50,50,50
503,-1.647282167,50.1,50.1,50.1,50.1,50.1,50.1,50.1,50.1,50.1,50.1
504,-0.654356699,50.2,50.2,50.2,50.2,50.2,50.2,50.2,50.2,50.2,50.2
505,0.345106886,50.3,50.3,50.3,50.3,50.3,50.3,50.3,50.3,50.3,50.3
506,1.341122276,50.4,50.4,50.4,50.4,50.4,50.4,50.4,50.4,50.4,50.4
507,2.323737617,50.5,50.5,50.5,50.5,50.5,50.5,50.5,50.5,50.5,50.5
508,3.283134939,50.6,50.6,50.6,50.6,50.6,50.6,50.6,50.6,50.6,50.6
509,4.209728261,50.7,50.7,50.7,50.7,50.7,50.7,50.7,50.7,50.7,50.7
510,5.094259371,50.8,50.8,50.8,50.8,50.8,50.8,50.8,50.8,50.8,50.8
511,5.927890325,50.9,50.9,50.9,50.9,50.9,50.9,50.9,50.9,50.9,50.9
512,6.702291758,51,51,51,51,51,51,51,51,51,51
513,7.409726108,51.1,51.1,51.1,51.1,51.1,51.1,51.1,51.1,51.1,51.1
514,8.043124924,51.2,51.2,51.2,51.2,51.2,51.2,51.2,51.2,51.2,51.2
515,8.596159494,51.3,51.3,51.3,51.3,51.3,51.3,51.3,51.3,51.3,51.3
516,9.06330408,51.4,51.4,51.4,51.4,51.4,51.4,51.4,51.4,51.4,51.4
517,9.439891127,51.5,51.5,51.5,51.5,51.5,51.5,51.5,51.5,51.5,51.5
518,9.722157903,51.6,51.6,51.6,51.6,51.6,51.6,51.6,51.6,51.6,51.6
519,9.907284091,51.7,51.7,51.7,51.7,51.7,51.7,51.7,51.7,51.7,51.7
520,9.993419971,51.8,51.8,51.8,51.8,51.8,51.8,51.8,51.8,51.8,51.8
521,9.979704902,51.9,51.9,51.9,51.9,51.9,51.9,51.9,51.9,51.9,51.9
522,9.86627592,52,52,52,52,52,52,52,52,52,52
523,9.654266371,52.1,52.1,52.1,52.1,52.1,52.1,52.1,52.1,52.1,52.1
524,9.345794584,52.2,52.2,52.2,52.2,52.2,52.2,52.2,52.2,52.2,52.2
525,8.943942706,52.3,52.3,52.3,52.3,52.3,52.3,52.3,52.3,52.3,52.3
526,8.45272591,52.4,52.4,52.4,52.4,52.4,52.4,52.4,52.4,52.4,52.4
527,7.87705227,52.5,52.5,52.5,52.5,52.5,52.5,52.5,52.5,52.5,52.5
528,7.222673728,52.6,52.6,52.6,52.6,52.6,52.6,52.6,52.6,52.6,52.6
529,6.496128617,52.7,52.7,52.7,52.7,52.7,52.7,52.7,52.7,52.7,52.7
530,5.704676336,52.8,52.8,52.8,52.8,52.8,52.8,52.8,52.8,52.8,52.8
531,4.856224816,52.9,52.9,52.9,52.9,52.9,52.9,52.9,52.9,52.9,52.9
532,3.959251502,53,53,53,53,53,53,53,53,53,53
533,3.022718656,53.1,53.1,53.1,53.1,53.1,53.1,53.1,53.1,53.1,53.1
534,2.055983804,53.2,53.2,53.2,53.2,53.2,53.2,53.2,53.2,53.2,53.2
535,1.068706242,53.3,53.3,53.3,53.3,53.3,53.3,53.3,53.3,53.3,53.3
536,0.07075052,53.4,53.4,53.4,53.4,53.4,53.4,53.4,53.4,53.4,53.4
537,-0.927912118,53.5,53.5,53.5,53.5,53.5,53.5,53.5,53.5,53.5,53.5
538,-1.917303364,53.6,53.6,53.6,53.6,53.6,53.6,53.6,53.6,53.6,53.6
539,-2.887537549,53.7,53.7,53.7,53.7,53.7,53.7,53.7,53.7,53.7,53.7
540,-3.828920413,53.8,53.8,53.8,53.8,53.8,53.8,53.8,53.8,53.8,53.8
541,-4.73204597,53.9,53.9,53.9,53.9,53.9,53.9,53.9,53.9,53.9,53.9
542,-5.587890489,54,54,54,54,54,54,54,54,54,54
543,-6.387902652,54.1,54.1,54.1,54.1,54.1,54.1,54.1,54.1,54.1,54.1
544,-7.124089004,54.2,54.2,54.2,54.2,54.2,54.2,54.2,54.2,54.2,54.2
545,-7.789093813,54.3,54.3,54.3,54.3,54.3,54.3,54.3,54.3,54.3,54.3
546,-8.376272571,54.4,54.4,54.4,54.4,54.4,54.4,54.4,54.4,54.4,54.4
547,-8.879758383,54.5,54.5,54.5,54.5,54.5,54.5,54.5,54.5,54.5,54.5
548,-9.294520585,54.6,54.6,54.6,54.6,54.6,54.6,54.6,54.6,54.6,54.6
549,-9.616415009,54.7,54.7,54.7,54.7,54.7,54.7,54.7,54.7,54.7,54.7
550,-9.842225393,54.8,54.8,54.8,54.8,54.8,54.8,54.8,54.8,54.8,54.8
551,-9.969695514,54.9,54.9,54.9,54.9,54.9,54.9,54.9,54.9,54.9,54.9
552,-9.997551734,55,55,55,55,55,55,55,55,55,55
553,-9.925515721,55.1,55.1,55.1,55.1,55.1,55.1,55.1,55.1,55.1,55.1
554,-9.754307236,55.2,55.2,55.2,55.2,55.2,55.2,55.2,55.2,55.2,55.2
555,-9.485636937,55.3,55.3,55.3,55.3,55.3,55.3,55.3,55.3,55.3,55.3
556,-9.12218929,55.4,55.4,55.4,55.4,55.4,55.4,55.4,55.4,55.4,55.4
557,-8.667595743,55.5,55.5,55.5,55.5,55.5,55.5,55.5,55.5,55.5,55.5
558,-8.126398444,55.6,55.6,55.6,55.6,55.6,55.6,55.6,55.6,55.6,55.6
559,-7.504004858,55.7,55.7,55.7,55.7,55.7,55.7,55.7,55.7,55.7,55.7
560,-6.806633736,55.8,55.8,55.8,55.8,55.8,55.8,55.8,55.8,55.8,55.8
561,-6.04125298,55.9,55.9,55.9,55.9,55.9,55.9,55.9,55.9,55.9,55.9
562,-5.215510021,56,56,56,56,56,56,56,56,56,56
563,-4.33765541,56.1,56.1,56.1,56.1,56.1,56.1,56.1,56.1,56.1,56.1
564,-3.41646038,56.2,56.2,56.2,56.2,56.2,56.2,56.2,56.2,56.2,56.2
565,-2.461129207,56.3,56.3,56.3,56.3,56.3,56.3,56.3,56.3,56.3,56.3
566,-1.481207244,56.4,56.4,56.4,56.4,56.4,56.4,56.4,56.4,56.4,56.4
567,-0.486485549,56.5,56.5,56.5,56.5,56.5,56.5,56.5,56.5,56.5,56.5
568,0.51309695,56.6,56.6,56.6,56.6,56.6,56.6,56.6,56.6,56.6,56.6
569,1.507552753,56.7,56.7,56.7,56.7,56.7,56.7,56.7,56.7,56.7,56.7
570,2.486945587,56.8,56.8,56.8,56.8,56.8,56.8,56.8,56.8,56.8,56.8
571,3.441489684,56.9,56.9,56.9,56.9,56.9,56.9,56.9,56.9,56.9,56.9
572,4.361647552,57,57,57,57,57,57,57,57,57,57
573,5.238225281,57.1,57.1,57.1,57.1,57.1,57.1,57.1,57.1,57.1,57.1
574,6.062464394,57.2,57.2,57.2,57.2,57.2,57.2,57.2,57.2,57.2,57.2
575,6.826129366,57.3,57.3,57.3,57.3,57.3,57.3,57.3,57.3,57.3,57.3
576,7.521589911,57.4,57.4,57.4,57.4,57.4,57.4,57.4,57.4,57.4,57.4
577,8.141897215,57.5,57.5,57.5,57.5,57.5,57.5,57.5,57.5,57.5,57.5
578,8.680853374,57.6,57.6,57.6,57.6,57.6,57.6,57.6,57.6,57.6,57.6
579,9.133073315,57.7,57.7,57.7,57.7,57.7,57.7,57.7,57.7,57.7,57.7
580,9.494038607,57.8,57.8,57.8,57.8,57.8,57.8,57.8,57.8,57.8,57.8
581,9.760142603,57.9,57.9,57.9,57.9,57.9,57.9,57.9,57.9,57.9,57.9
582,9.928726481,58,58,58,58,58,58,58,58,58,58
583,9.998105806,58.1,58.1,58.1,58.1,58.1,58.1,58.1,58.1,58.1,58.1
584,9.967587362,58.2,58.2,58.2,58.2,58.2,58.2,58.2,58.2,58.2,58.2
585,9.83747608,58.3,58.3,58.3,58.3,58.3,58.3,58.3,58.3,58.3,58.3
586,9.609071989,58.4,58.4,58.4,58.4,58.4,58.4,58.4,58.4,58.4,58.4
587,9.284657228,58.5,58.5,58.5,58.5,58.5,58.5,58.5,58.5,58.5,58.5
588,8.86747324,58.6,58.6,58.6,58.6,58.6,58.6,58.6,58.6,58.6,58.6
589,8.361688391,58.7,58.7,58.7,58.7,58.7,58.7,58.7,58.7,58.7,58.7
590,7.772356315,58.8,58.8,58.8,58.8,58.8,58.8,58.8,58.8,58.8,58.8
591,7.105365425,58.9,58.9,58.9,58.9,58.9,58.9,58.9,58.9,58.9,58.9
592,6.367380071,59,59,59,59,59,59,59,59,59,59
593,5.565773961,59.1,59.1,59.1,59.1,59.1,59.1,59.1,59.1,59.1,59.1
594,4.708556478,59.2,59.2,59.2,59.2,59.2,59.2,59.2,59.2,59.2,59.2
595,3.804292654,59.3,59.3,59.3,59.3,59.3,59.3,59.3,59.3,59.3,59.3
596,2.862017596,59.4,59.4,59.4,59.4,59.4,59.4,59.4,59.4,59.4,59.4
597,1.891146204,59.5,59.5,59.5,59.5,59.5,59.5,59.5,59.5,59.5,59.5
598,0.901379104,59.6,59.6,59.6,59.6,59.6,59.6,59.6,59.6,59.6,59.6
599,-0.097394278,59.7,59.7,59.7,59.7,59.7,59.7,59.7,59.7,59.7,59.7
600,-1.095194529,59.8,59.8,59.8,59.8,59.8,59.8,59.8,59.8,59.8,59.8
601,-2.082051957,59.9,59.9,59.9,59.9,59.9,59.9,59.9,59.9,59.9,59.9
602,-3.048106211,60,60,60,60,60,60,60,60,60,60
603,-3.983704795,60.1,60.1,60.1,60.1,60.1,60.1,60.1,60.1,60.1,60.1
604,-4.879499518,60.2,60.2,60.2,60.2,60.2,60.2,60.2,60.2,60.2,60.2
605,-5.726539894,60.3,60.3,60.3,60.3,60.3,60.3,60.3,60.3,60.3,60.3
606,-6.516362577,60.4,60.4,60.4,60.4,60.4,60.4,60.4,60.4,60.4,60.4
607,-7.241075919,60.5,60.5,60.5,60.5,60.5,60.5,60.5,60.5,60.5,60.5
608,-7.893438824,60.6,60.6,60.6,60.6,60.6,60.6,60.6,60.6,60.6,60.6
609,-8.466933097,60.7,60.7,60.7,60.7,60.7,60.7,60.7,60.7,60.7,60.7
610,-8.955828574,60.8,60.8,60.8,60.8,60.8,60.8,60.8,60.8,60.8,60.8
611,-9.355240371,60.9,60.9,60.9,60.9,60.9,60.9,60.9,60.9,60.9,60.9
612,-9.6611777,61,61,61,61,61,61,61,61,61,61
613,-9.870583735,61.1,61.1,61.1,61.1,61.1,61.1,61.1,61.1,61.1,61.1
614,-9.981366159,61.2,61.2,61.2,61.2,61.2,61.2,61.2,61.2,61.2,61.2
615,-9.992418073,61.3,61.3,61.3,61.3,61.3,61.3,61.3,61.3,61.3,61.3
616,-9.903629048,61.4,61.4,61.4,61.4,61.4,61.4,61.4,61.4,61.4,61.4
617,-9.715886235,61.5,61.5,61.5,61.5,61.5,61.5,61.5,61.5,61.5,61.5
618,-9.431065499,61.6,61.6,61.6,61.6,61.6,61.6,61.6,61.6,61.6,61.6
619,-9.052012674,61.7,61.7,61.7,61.7,61.7,61.7,61.7,61.7,61.7,61.7
620,-8.58251513,61.8,61.8,61.8,61.8,61.8,61.8,61.8,61.8,61.8,61.8
621,-8.027263932,61.9,61.9,61.9,61.9,61.9,61.9,61.9,61.9,61.9,61.9
622,-7.391806966,62,62,62,62,62,62,62,62,62,62
623,-6.682493509,62.1,62.1,62.1,62.1,62.1,62.1,62.1,62.1,62.1,62.1
624,-5.906410785,62.2,62.2,62.2,62.2,62.2,62.2,62.2,62.2,62.2,62.2
625,-5.071313158,62.3,62.3,62.3,62.3,62.3,62.3,62.3,62.3,62.3,62.3
626,-4.185544645,62.4,62.4,62.4,62.4,62.4,62.4,62.4,62.4,62.4,62.4
627,-3.257955554,62.5,62.5,62.5,62.5,62.5,62.5,62.5,62.5,62.5,62.5
628,-2.297814048,62.6,62.6,62.6,62.6,62.6,62.6,62.6,62.6,62.6,62.6
629,-1.314713544,62.7,62.7,62.7,62.7,62.7,62.7,62.7,62.7,62.7,62.7
630,-0.318476856,62.8,62.8,62.8,62.8,62.8,62.8,62.8,62.8,62.8,62.8
631,0.680941947,62.9,62.9,62.9,62.9,62.9,62.9,62.9,62.9,62.9,62.9
632,1.673557003,63,63,63,63,63,63,63,63,63,63
633,2.649450431,63.1,63.1,63.1,63.1,63.1,63.1,63.1,63.1,63.1,63.1
634,3.598871426,63.2,63.2,63.2,63.2,63.2,63.2,63.2,63.2,63.2,63.2
635,4.512333687,63.3,63.3,63.3,63.3,63.3,63.3,63.3,63.3,63.3,63.3
636,5.380710202,63.4,63.4,63.4,63.4,63.4,63.4,63.4,63.4,63.4,63.4
637,6.195324439,63.5,63.5,63.5,63.5,63.5,63.5,63.5,63.5,63.5,63.5
638,6.948037042,63.6,63.6,63.6,63.6,63.6,63.6,63.6,63.6,63.6,63.6
639,7.631327155,63.7,63.7,63.7,63.7,63.7,63.7,63.7,63.7,63.7,63.7
640,8.23836757,63.8,63.8,63.8,63.8,63.8,63.8,63.8,63.8,63.8,63.8
641,8.76309294,63.9,63.9,63.9,63.9,63.9,63.9,63.9,63.9,63.9,63.9
642,9.200260382,64,64,64,64,64,64,64,64,64,64
643,9.545501863,64.1,64.1,64.1,64.1,64.1,64.1,64.1,64.1,64.1,64.1
644,9.795367845,64.2,64.2,64.2,64.2,64.2,64.2,64.2,64.2,64.2,64.2
645,9.94736175,64.3,64.3,64.3,64.3,64.3,64.3,64.3,64.3,64.3,64.3
646,9.999964903,64.4,64.4,64.4,64.4,64.4,64.4,64.4,64.4,64.4,64.4
647,9.952651714,64.5,64.5,64.5,64.5,64.5,64.5,64.5,64.5,64.5,64.5
648,9.805894918,64.6,64.6,64.6,64.6,64.6,64.6,64.6,64.6,64.6,64.6
649,9.561160861,64.7,64.7,64.7,64.7,64.7,64.7,64.7,64.7,64.7,64.7
650,9.220894846,64.8,64.8,64.8,64.8,64.8,64.8,64.8,64.8,64.8,64.8
651,8.788496697,64.9,64.9,64.9,64.9,64.9,64.9,64.9,64.9,64.9,64.9
652,8.268286795,65,65,65,65,65,65,65,65,65,65
653,7.665462904,65.1,65.1,65.1,65.1,65.1,65.1,65.1,65.1,65.1,65.1
654,6.986048241,65.2,65.2,65.2,65.2,65.2,65.2,65.2,65.2,65.2,65.2
655,6.236831294,65.3,65.3,65.3,65.3,65.3,65.3,65.3,65.3,65.3,65.3
656,5.42529799,65.4,65.4,65.4,65.4,65.4,65.4,65.4,65.4,65.4,65.4
657,4.559556902,65.5,65.5,65.5,65.5,65.5,65.5,65.5,65.5,65.5,65.5
658,3.648258229,65.6,65.6,65.6,65.6,65.6,65.6,65.6,65.6,65.6,65.6
659,2.700507365,65.7,65.7,65.7,65.7,65.7,65.7,65.7,65.7,65.7,65.7
660,1.725773924,65.8,65.8,65.8,65.8,65.8,65.8,65.8,65.8,65.8,65.8
661,0.733797121,65.9,65.9,65.9,65.9,65.9,65.9,65.9,65.9,65.9,65.9
662,-0.26551154,66,66,66,66,66,66,66,66,66,66
663,-1.262167298,66.1,66.1,66.1,66.1,66.1,66.1,66.1,66.1,66.1,66.1
664,-2.246211898,66.2,66.2,66.2,66.2,66.2,66.2,66.2,66.2,66.2,66.2
665,-3.20781309,66.3,66.3,66.3,66.3,66.3,66.3,66.3,66.3,66.3,66.3
666,-4.137362875,66.4,66.4,66.4,66.4,66.4,66.4,66.4,66.4,66.4,66.4
667,-5.025573498,66.5,66.5,66.5,66.5,66.5,66.5,66.5,66.5,66.5,66.5
668,-5.863570251,66.6,66.6,66.6,66.6,66.6,66.6,66.6,66.6,66.6,66.6
669,-6.642980149,66.7,66.7,66.7,66.7,66.7,66.7,66.7,66.7,66.7,66.7
670,-7.356015584,66.8,66.8,66.8,66.8,66.8,66.8,66.8,66.8,66.8,66.8
671,-7.995552144,66.9,66.9,66.9,66.9,66.9,66.9,66.9,66.9,66.9,66.9
672,-8.55519979,67,67,67,67,67,67,67,67,67,67
673,-9.029366707,67.1,67.1,67.1,67.1,67.1,67.1,67.1,67.1,67.1,67.1
674,-9.413315177,67.2,67.2,67.2,67.2,67.2,67.2,67.2,67.2,67.2,67.2
675,-9.703208913,67.3,67.3,67.3,67.3,67.3,67.3,67.3,67.3,67.3,67.3
676,-9.896151394,67.4,67.4,67.4,67.4,67.4,67.4,67.4,67.4,67.4,67.4
677,-9.9902148,67.5,67.5,67.5,67.5,67.5,67.5,67.5,67.5,67.5,67.5
678,-9.984459283,67.6,67.6,67.6,67.6,67.6,67.6,67.6,67.6,67.6,67.6
679,-9.878942349,67.7,67.7,67.7,67.7,67.7,67.7,67.7,67.7,67.7,67.7
680,-9.674718289,67.8,67.8,67.8,67.8,67.8,67.8,67.8,67.8,67.8,67.8
681,-9.373827642,67.9,67.9,67.9,67.9,67.9,67.9,67.9,67.9,67.9,67.9
682,-8.979276807,68,68,68,68,68,68,68,68,68,68
683,-8.495008007,68.1,68.1,68.1,68.1,68.1,68.1,68.1,68.1,68.1,68.1
684,-7.925859894,68.2,68.2,68.2,68.2,68.2,68.2,68.2,68.2,68.2,68.2
685,-7.27751921,68.3,68.3,68.3,68.3,68.3,68.3,68.3,68.3,68.3,68.3
686,-6.556463959,68.4,68.4,68.4,68.4,68.4,68.4,68.4,68.4,68.4,68.4
687,-5.769898688,68.5,68.5,68.5,68.5,68.5,68.5,68.5,68.5,68.5,68.5
688,-4.925682496,68.6,68.6,68.6,68.6,68.6,68.6,68.6,68.6,68.6,68.6
689,-4.032250513,68.7,68.7,68.7,68.7,68.7,68.7,68.7,68.7,68.7,68.7
690,-3.098529616,68.8,68.8,68.8,68.8,68.8,68.8,68.8,68.8,68.8,68.8
691,-2.133849235,68.9,68.9,68.9,68.9,68.9,68.9,68.9,68.9,68.9,68.9
692,-1.147848138,69,69,69,69,69,69,69,69,69,69
693,-0.150378122,69.1,69.1,69.1,69.1,69.1,69.1,69.1,69.1,69.1,69.1
694,0.848594423,69.2,69.2,69.2,69.2,69.2,69.2,69.2,69.2,69.2,69.2
695,1.839088093,69.3,69.3,69.3,69.3,69.3,69.3,69.3,69.3,69.3,69.3
696,2.811206203,69.4,69.4,69.4,69.4,69.4,69.4,69.4,69.4,69.4,69.4
697,3.755235669,69.5,69.5,69.5,69.5,69.5,69.5,69.5,69.5,69.5,69.5
698,4.661744062,69.6,69.6,69.6,69.6,69.6,69.6,69.6,69.6,69.6,69.6
699,5.521673849,69.7,69.7,69.7,69.7,69.7,69.7,69.7,69.7,69.7,69.7
700,6.326432896,69.8,69.8,69.8,69.8,69.8,69.8,69.8,69.8,69.8,69.8
701,7.067980317,69.9,69.9,69.9,69.9,69.9,69.9,69.9,69.9,69.9,69.9
702,7.738906816,70,70,70,70,70,70,70,70,70,70
703,8.332508715,70.1,70.1,70.1,70.1,70.1,70.1,70.1,70.1,70.1,70.1
704,8.842854942,70.2,70.2,70.2,70.2,70.2,70.2,70.2,70.2,70.2,70.2
705,9.264846285,70.3,70.3,70.3,70.3,70.3,70.3,70.3,70.3,70.3,70.3
706,9.594266346,70.4,70.4,70.4,70.4,70.4,70.4,70.4,70.4,70.4,70.4
707,9.82782367,70.5,70.5,70.5,70.5,70.5,70.5,70.5,70.5,70.5,70.5
708,9.963184628,70.6,70.6,70.6,70.6,70.6,70.6,70.6,70.6,70.6,70.6
709,9.998996739,70.7,70.7,70.7,70.7,70.7,70.7,70.7,70.7,70.7,70.7
710,9.93490218,70.8,70.8,70.8,70.8,70.8,70.8,70.8,70.8,70.8,70.8
711,9.771541362,70.9,70.9,70.9,70.9,70.9,70.9,70.9,70.9,70.9,70.9
712,9.510546533,71,71,71,71,71,71,71,71,71,71
713,9.154525466,71.1,71.1,71.1,71.1,71.1,71.1,71.1,71.1,71.1,71.1
714,8.707035407,71.2,71.2,71.2,71.2,71.2,71.2,71.2,71.2,71.2,71.2
715,8.172547529,71.3,71.3,71.3,71.3,71.3,71.3,71.3,71.3,71.3,71.3
716,7.556402257,71.4,71.4,71.4,71.4,71.4,71.4,71.4,71.4,71.4,71.4
717,6.864755912,71.5,71.5,71.5,71.5,71.5,71.5,71.5,71.5,71.5,71.5
718,6.104519195,71.6,71.6,71.6,71.6,71.6,71.6,71.6,71.6,71.6,71.6
719,5.28328814,71.7,71.7,71.7,71.7,71.7,71.7,71.7,71.7,71.7,71.7
720,4.409268216,71.8,71.8,71.8,71.8,71.8,71.8,71.8,71.8,71.8,71.8
721,3.491192342,71.9,71.9,71.9,71.9,71.9,71.9,71.9,71.9,71.9,71.9
722,2.538233628,72,72,72,72,72,72,72,72,72,72
723,1.559913722,72.1,72.1,72.1,72.1,72.1,72.1,72.1,72.1,72.1,72.1
724,0.566007674,72.2,72.2,72.2,72.2,72.2,72.2,72.2,72.2,72.2,72.2
725,-0.433553735,72.3,72.3,72.3,72.3,72.3,72.3,72.3,72.3,72.3,72.3
726,-1.428783219,72.4,72.4,72.4,72.4,72.4,72.4,72.4,72.4,72.4,72.4
727,-2.409736773,72.5,72.5,72.5,72.5,72.5,72.5,72.5,72.5,72.5,72.5
728,-3.366613034,72.6,72.6,72.6,72.6,72.6,72.6,72.6,72.6,72.6,72.6
729,-4.28985121,72.7,72.7,72.7,72.7,72.7,72.7,72.7,72.7,72.7,72.7
730,-5.170226611,72.8,72.8,72.8,72.8,72.8,72.8,72.8,72.8,72.8,72.8
731,-5.998942817,72.9,72.9,72.9,72.9,72.9,72.9,72.9,72.9,72.9,72.9
732,-6.767719569,73,73,73,73,73,73,73,73,73,73
733,-7.468875504,73.1,73.1,73.1,73.1,73.1,73.1,73.1,73.1,73.1,73.1
734,-8.095404904,73.2,73.2,73.2,73.2,73.2,73.2,73.2,73.2,73.2,73.2
735,-8.641047695,73.3,73.3,73.3,73.3,73.3,73.3,73.3,73.3,73.3,73.3
736,-9.100351993,73.4,73.4,73.4,73.4,73.4,73.4,73.4,73.4,73.4,73.4
737,-9.468728582,73.5,73.5,73.5,73.5,73.5,73.5,73.5,73.5,73.5,73.5
738,-9.742496765,73.6,73.6,73.6,73.6,73.6,73.6,73.6,73.6,73.6,73.6
739,-9.918921141,73.7,73.7,73.7,73.7,73.7,73.7,73.7,73.7,73.7,73.7
740,-9.996238936,73.8,73.8,73.8,73.8,73.8,73.8,73.8,73.8,73.8,73.8
741,-9.973677615,73.9,73.9,73.9,73.9,73.9,73.9,73.9,73.9,73.9,73.9
742,-9.851462605,74,74,74,74,74,74,74,74,74,74
743,-9.630815036,74.1,74.1,74.1,74.1,74.1,74.1,74.1,74.1,74.1,74.1
744,-9.313939548,74.2,74.2,74.2,74.2,74.2,74.2,74.2,74.2,74.2,74.2
745,-8.904002254,74.3,74.3,74.3,74.3,74.3,74.3,74.3,74.3,74.3,74.3
746,-8.405099113,74.4,74.4,74.4,74.4,74.4,74.4,74.4,74.4,74.4,74.4
747,-7.822215,74.5,74.5,74.5,74.5,74.5,74.5,74.5,74.5,74.5,74.5
748,-7.1611739,74.6,74.6,74.6,74.6,74.6,74.6,74.6,74.6,74.6,74.6
749,-6.428580718,74.7,74.7,74.7,74.7,74.7,74.7,74.7,74.7,74.7,74.7
750,-5.631755283,74.8,74.8,74.8,74.8,74.8,74.8,74.8,74.8,74.8,74.8
751,-4.77865921,74.9,74.9,74.9,74.9,74.9,74.9,74.9,74.9,74.9,74.9
752,-3.877816354,75,75,75,75,75,75,75,75,75,75
753,-2.938227639,75.1,75.1,75.1,75.1,75.1,75.1,75.1,75.1,75.1,75.1
754,-1.969281124,75.2,75.2,75.2,75.2,75.2,75.2,75.2,75.2,75.2,75.2
755,-0.980658204,75.3,75.3,75.3,75.3,75.3,75.3,75.3,75.3,75.3,75.3
756,0.017763129,75.4,75.4,75.4,75.4,75.4,75.4,75.4,75.4,75.4,75.4
757,1.016006979,75.5,75.5,75.5,75.5,75.5,75.5,75.5,75.5,75.5,75.5
758,2.004099223,75.6,75.6,75.6,75.6,75.6,75.6,75.6,75.6,75.6,75.6
759,2.97216717,75.7,75.7,75.7,75.7,75.7,75.7,75.7,75.7,75.7,75.7
760,3.910538205,75.8,75.8,75.8,75.8,75.8,75.8,75.8,75.8,75.8,75.8
761,4.809836435,75.9,75.9,75.9,75.9,75.9,75.9,75.9,75.9,75.9,75.9
762,5.661076369,76,76,76,76,76,76,76,76,76,76
763,6.455752699,76.1,76.1,76.1,76.1,76.1,76.1,76.1,76.1,76.1,76.1
764,7.185925283,76.2,76.2,76.2,76.2,76.2,76.2,76.2,76.2,76.2,76.2
765,7.844298476,76.3,76.3,76.3,76.3,76.3,76.3,76.3,76.3,76.3,76.3
766,8.424294032,76.4,76.4,76.4,76.4,76.4,76.4,76.4,76.4,76.4,76.4
767,8.920116827,76.5,76.5,76.5,76.5,76.5,76.5,76.5,76.5,76.5,76.5
768,9.326812763,76.6,76.6,76.6,76.6,76.6,76.6,76.6,76.6,76.6,76.6
769,9.640318269,76.7,76.7,76.7,76.7,76.7,76.7,76.7,76.7,76.7,76.7
770,9.857500901,76.8,76.8,76.8,76.8,76.8,76.8,76.8,76.8,76.8,76.8
771,9.976190643,76.9,76.9,76.9,76.9,76.9,76.9,76.9,76.9,76.9,76.9
772,9.995201586,77,77,77,77,77,77,77,77,77,77
773,9.914343778,77.1,77.1,77.1,77.1,77.1,77.1,77.1,77.1,77.1,77.1
774,9.734425125,77.2,77.2,77.2,77.2,77.2,77.2,77.2,77.2,77.2,77.2
775,9.457243313,77.3,77.3,77.3,77.3,77.3,77.3,77.3,77.3,77.3,77.3
776,9.085567853,77.4,77.4,77.4,77.4,77.4,77.4,77.4,77.4,77.4,77.4
777,8.623112402,77.5,77.5,77.5,77.5,77.5,77.5,77.5,77.5,77.5,77.5
778,8.074497662,77.6,77.6,77.6,77.6,77.6,77.6,77.6,77.6,77.6,77.6
779,7.44520521,77.7,77.7,77.7,77.7,77.7,77.7,77.7,77.7,77.7,77.7
780,6.741522729,77.8,77.8,77.8,77.8,77.8,77.8,77.8,77.8,77.8,77.8
781,5.970481182,77.9,77.9,77.9,77.9,77.9,77.9,77.9,77.9,77.9,77.9
782,5.13978456,78,78,78,78,78,78,78,78,78,78
783,4.25773291,78.1,78.1,78.1,78.1,78.1,78.1,78.1,78.1,78.1,78.1
784,3.3331394,78.2,78.2,78.2,78.2,78.2,78.2,78.2,78.2,78.2,78.2
785,2.375242262,78.3,78.3,78.3,78.3,78.3,78.3,78.3,78.3,78.3,78.3
786,1.39361249,78.4,78.4,78.4,78.4,78.4,78.4,78.4,78.4,78.4,78.4
787,0.398058202,78.5,78.5,78.5,78.5,78.5,78.5,78.5,78.5,78.5,78.5
788,-0.601473352,78.6,78.6,78.6,78.6,78.6,78.6,78.6,78.6,78.6,78.6
789,-1.594995183,78.7,78.7,78.7,78.7,78.7,78.7,78.7,78.7,78.7,78.7
790,-2.57258035,78.8,78.8,78.8,78.8,78.8,78.8,78.8,78.8,78.8,78.8
791,-3.524461144,78.9,78.9,78.9,78.9,78.9,78.9,78.9,78.9,78.9,78.9
792,-4.441126687,79,79,79,79,79,79,79,79,79,79
793,-5.313417961,79.1,79.1,79.1,79.1,79.1,79.1,79.1,79.1,79.1,79.1
794,-6.132619318,79.2,79.2,79.2,79.2,79.2,79.2,79.2,79.2,79.2,79.2
795,-6.890545571,79.3,79.3,79.3,79.3,79.3,79.3,79.3,79.3,79.3,79.3
796,-7.579623769,79.4,79.4,79.4,79.4,79.4,79.4,79.4,79.4,79.4,79.4
797,-8.192968873,79.5,79.5,79.5,79.5,79.5,79.5,79.5,79.5,79.5,79.5
798,-8.72445254,79.6,79.6,79.6,79.6,79.6,79.6,79.6,79.6,79.6,79.6
799,-9.168764361,79.7,79.7,79.7,79.7,79.7,79.7,79.7,79.7,79.7,79.7
800,-9.521464919,79.8,79.8,79.8,79.8,79.8,79.8,79.8,79.8,79.8,79.8
801,-9.779030148,79.9,79.9,79.9,79.9,79.9,79.9,79.9,79.9,79.9,79.9
802,-9.938886539,80,80,80,80,80,80,80,80,80,80
803,-9.999436862,80.1,80.1,80.1,80.1,80.1,80.1,80.1,80.1,80.1,80.1
804,-9.960076117,80.2,80.2,80.2,80.2,80.2,80.2,80.2,80.2,80.2,80.2
805,-9.821197583,80.3,80.3,80.3,80.3,80.3,80.3,80.3,80.3,80.3,80.3
806,-9.58418889,80.4,80.4,80.4,80.4,80.4,80.4,80.4,80.4,80.4,80.4
807,-9.25141815,80.5,80.5,80.5,80.5,80.5,80.5,80.5,80.5,80.5,80.5
808,-8.826210297,80.6,80.6,80.6,80.6,80.6,80.6,80.6,80.6,80.6,80.6
809,-8.312813869,80.7,80.7,80.7,80.7,80.7,80.7,80.7,80.7,80.7,80.7
810,-7.716358553,80.8,80.8,80.8,80.8,80.8,80.8,80.8,80.8,80.8,80.8
811,-7.042803932,80.9,80.9,80.9,80.9,80.9,80.9,80.9,80.9,80.9,80.9
812,-6.298879943,81,81,81,81,81,81,81,81,81,81
813,-5.492019627,81.1,81.1,81.1,81.1,81.1,81.1,81.1,81.1,81.1,81.1
814,-4.630284867,81.2,81.2,81.2,81.2,81.2,81.2,81.2,81.2,81.2,81.2
815,-3.722285831,81.3,81.3,81.3,81.3,81.3,81.3,81.3,81.3,81.3,81.3
816,-2.777094945,81.4,81.4,81.4,81.4,81.4,81.4,81.4,81.4,81.4,81.4
817,-1.804156245,81.5,81.5,81.5,81.5,81.5,81.5,81.5,81.5,81.5,81.5
818,-0.813191011,81.6,81.6,81.6,81.6,81.6,81.6,81.6,81.6,81.6,81.6
819,0.185899358,81.7,81.7,81.7,81.7,81.7,81.7,81.7,81.7,81.7,81.7
820,1.183132282,81.8,81.8,81.8,81.8,81.8,81.8,81.8,81.8,81.8,81.8
821,2.168543739,81.9,81.9,81.9,81.9,81.9,81.9,81.9,81.9,81.9,81.9
822,3.132287824,82,82,82,82,82,82,82,82,82,82
823,4.064735125,82.1,82.1,82.1,82.1,82.1,82.1,82.1,82.1,82.1,82.1
824,4.956568936,82.2,82.2,82.2,82.2,82.2,82.2,82.2,82.2,82.2,82.2
825,5.798878348,82.3,82.3,82.3,82.3,82.3,82.3,82.3,82.3,82.3,82.3
826,6.583247285,82.4,82.4,82.4,82.4,82.4,82.4,82.4,82.4,82.4,82.4
827,7.301838592,82.5,82.5,82.5,82.5,82.5,82.5,82.5,82.5,82.5,82.5
828,7.94747234,82.6,82.6,82.6,82.6,82.6,82.6,82.6,82.6,82.6,82.6
829,8.513697572,82.7,82.7,82.7,82.7,82.7,82.7,82.7,82.7,82.7,82.7
830,8.994856752,82.8,82.8,82.8,82.8,82.8,82.8,82.8,82.8,82.8,82.8
831,9.386142297,82.9,82.9,82.9,82.9,82.9,82.9,82.9,82.9,82.9,82.9
832,9.683644611,83,83,83,83,83,83,83,83,83,83
833,9.884391149,83.1,83.1,83.1,83.1,83.1,83.1,83.1,83.1,83.1,83.1
834,9.986376117,83.2,83.2,83.2,83.2,83.2,83.2,83.2,83.2,83.2,83.2
835,9.988580517,83.3,83.3,83.3,83.3,83.3,83.3,83.3,83.3,83.3,83.3
836,9.890982322,83.4,83.4,83.4,83.4,83.4,83.4,83.4,83.4,83.4,83.4
837,9.694556701,83.5,83.5,83.5,83.5,83.5,83.5,83.5,83.5,83.5,83.5
838,9.401266274,83.6,83.6,83.6,83.6,83.6,83.6,83.6,83.6,83.6,83.6
839,9.014041502,83.7,83.7,83.7,83.7,83.7,83.7,83.7,83.7,83.7,83.7
840,8.536751407,83.8,83.8,83.8,83.8,83.8,83.8,83.8,83.8,83.8,83.8
841,7.974164914,83.9,83.9,83.9,83.9,83.9,83.9,83.9,83.9,83.9,83.9
842,7.331903201,84,84,84,84,84,84,84,84,84,84
843,6.616383534,84.1,84.1,84.1,84.1,84.1,84.1,84.1,84.1,84.1,84.1
844,5.834755151,84.2,84.2,84.2,84.2,84.2,84.2,84.2,84.2,84.2,84.2
845,4.994827823,84.3,84.3,84.3,84.3,84.3,84.3,84.3,84.3,84.3,84.3
846,4.104993826,84.4,84.4,84.4,84.4,84.4,84.4,84.4,84.4,84.4,84.4
847,3.174144088,84.5,84.5,84.5,84.5,84.5,84.5,84.5,84.5,84.5,84.5
848,2.211579351,84.6,84.6,84.6,84.6,84.6,84.6,84.6,84.6,84.6,84.6
849,1.226917245,84.7,84.7,84.7,84.7,84.7,84.7,84.7,84.7,84.7,84.7
850,0.229996187,84.8,84.8,84.8,84.8,84.8,84.8,84.8,84.8,84.8,84.8
851,-0.769222917,84.9,84.9,84.9,84.9,84.9,84.9,84.9,84.9,84.9,84.9
852,-1.760756199,85,85,85,85,85,85,85,85,85,85
853,-2.734696588,85.1,85.1,85.1,85.1,85.1,85.1,85.1,85.1,85.1,85.1
854,-3.681312793,85.2,85.2,85.2,85.2,85.2,85.2,85.2,85.2,85.2,85.2
855,-4.591146537,85.3,85.3,85.3,85.3,85.3,85.3,85.3,85.3,85.3,85.3
856,-5.455107062,85.4,85.4,85.4,85.4,85.4,85.4,85.4,85.4,85.4,85.4
857,-6.264561961,85.5,85.5,85.5,85.5,85.5,85.5,85.5,85.5,85.5,85.5
858,-7.011423427,85.6,85.6,85.6,85.6,85.6,85.6,85.6,85.6,85.6,85.6
859,-7.688229069,85.7,85.7,85.7,85.7,85.7,85.7,85.7,85.7,85.7,85.7
860,-8.288216466,85.8,85.8,85.8,85.8,85.8,85.8,85.8,85.8,85.8,85.8
861,-8.805390745,85.9,85.9,85.9,85.9,85.9,85.9,85.9,85.9,85.9,85.9
862,-9.23458447,86,86,86,86,86,86,86,86,86,86
863,-9.57150928,86.1,86.1,86.1,86.1,86.1,86.1,86.1,86.1,86.1,86.1
864,-9.812798732,86.2,86.2,86.2,86.2,86.2,86.2,86.2,86.2,86.2,86.2
865,-9.956041944,86.3,86.3,86.3,86.3,86.3,86.3,86.3,86.3,86.3,86.3
866,-9.999807675,86.4,86.4,86.4,86.4,86.4,86.4,86.4,86.4,86.4,86.4
867,-9.943658634,86.5,86.5,86.5,86.5,86.5,86.5,86.5,86.5,86.5,86.5
868,-9.788155842,86.6,86.6,86.6,86.6,86.6,86.6,86.6,86.6,86.6,86.6
869,-9.534853033,86.7,86.7,86.7,86.7,86.7,86.7,86.7,86.7,86.7,86.7
870,-9.186281124,86.8,86.8,86.8,86.8,86.8,86.8,86.8,86.8,86.8,86.8
871,-8.745922931,86.9,86.9,86.9,86.9,86.9,86.9,86.9,86.9,86.9,86.9
872,-8.218178366,87,87,87,87,87,87,87,87,87,87
873,-7.60832048,87.1,87.1,87.1,87.1,87.1,87.1,87.1,87.1,87.1,87.1
874,-6.922442771,87.2,87.2,87.2,87.2,87.2,87.2,87.2,87.2,87.2,87.2
875,-6.167398302,87.3,87.3,87.3,87.3,87.3,87.3,87.3,87.3,87.3,87.3
876,-5.350731228,87.4,87.4,87.4,87.4,87.4,87.4,87.4,87.4,87.4,87.4
877,-4.480601416,87.5,87.5,87.5,87.5,87.5,87.5,87.5,87.5,87.5,87.5
878,-3.565702916,87.6,87.6,87.6,87.6,87.6,87.6,87.6,87.6,87.6,87.6
879,-2.615177091,87.7,87.7,87.7,87.7,87.7,87.7,87.7,87.7,87.7,87.7
880,-1.638521281,87.8,87.8,87.8,87.8,87.8,87.8,87.8,87.8,87.8,87.8
881,-0.645493908,87.9,87.9,87.9,87.9,87.9,87.9,87.9,87.9,87.9,87.9
882,0.353983027,88,88,88,88,88,88,88,88,88,88
883,1.349923081,88.1,88.1,88.1,88.1,88.1,88.1,88.1,88.1,88.1,88.1
884,2.332375149,88.2,88.2,88.2,88.2,88.2,88.2,88.2,88.2,88.2,88.2
885,3.291522896,88.3,88.3,88.3,88.3,88.3,88.3,88.3,88.3,88.3,88.3
886,4.217782834,88.4,88.4,88.4,88.4,88.4,88.4,88.4,88.4,88.4,88.4
887,5.10190008,88.5,88.5,88.5,88.5,88.5,88.5,88.5,88.5,88.5,88.5
888,5.935040827,88.6,88.6,88.6,88.6,88.6,88.6,88.6,88.6,88.6,88.6
889,6.708880608,88.7,88.7,88.7,88.7,88.7,88.7,88.7,88.7,88.7,88.7
890,7.415687472,88.8,88.8,88.8,88.8,88.8,88.8,88.8,88.8,88.8,88.8
891,8.048399237,88.9,88.9,88.9,88.9,88.9,88.9,88.9,88.9,88.9,88.9
892,8.600694058,89,89,89,89,89,89,89,89,89,89
893,9.067053587,89.1,89.1,89.1,89.1,89.1,89.1,89.1,89.1,89.1,89.1
894,9.442818114,89.2,89.2,89.2,89.2,89.2,89.2,89.2,89.2,89.2,89.2
895,9.724233123,89.3,89.3,89.3,89.3,89.3,89.3,89.3,89.3,89.3,89.3
896,9.90848681,89.4,89.4,89.4,89.4,89.4,89.4,89.4,89.4,89.4,89.4
897,9.993738171,89.5,89.5,89.5,89.5,89.5,89.5,89.5,89.5,89.5,89.5
898,9.979135404,89.6,89.6,89.6,89.6,89.6,89.6,89.6,89.6,89.6,89.6
899,9.864824415,89.7,89.7,89.7,89.7,89.7,89.7,89.7,89.7,89.7,89.7
900,9.651947362,89.8,89.8,89.8,89.8,89.8,89.8,89.8,89.8,89.8,89.8
901,9.34263124,89.9,89.9,89.9,89.9,89.9,89.9,89.9,89.9,89.9,89.9
902,8.939966636,90,90,90,90,90,90,90,90,90,90
903,8.44797684,90.1,90.1,90.1,90.1,90.1,90.1,90.1,90.1,90.1,90.1
904,7.871577652,90.2,90.2,90.2,90.2,90.2,90.2,90.2,90.2,90.2,90.2
905,7.216528263,90.3,90.3,90.3,90.3,90.3,90.3,90.3,90.3,90.3,90.3
906,6.489373708,90.4,90.4,90.4,90.4,90.4,90.4,90.4,90.4,90.4,90.4
907,5.697379476,90.5,90.5,90.5,90.5,90.5,90.5,90.5,90.5,90.5,90.5
908,4.848458912,90.6,90.6,90.6,90.6,90.6,90.6,90.6,90.6,90.6,90.6
909,3.951094149,90.7,90.7,90.7,90.7,90.7,90.7,90.7,90.7,90.7,90.7
910,3.01425136,90.8,90.8,90.8,90.8,90.8,90.8,90.8,90.8,90.8,90.8
911,2.047291167,90.9,90.9,90.9,90.9,90.9,90.9,90.9,90.9,90.9,90.9
912,1.059875118,91,91,91,91,91,91,91,91,91,91
913,0.061869146,91.1,91.1,91.1,91.1,91.1,91.1,91.1,91.1,91.1,91.1
914,-0.936755001,91.2,91.2,91.2,91.2,91.2,91.2,91.2,91.2,91.2,91.2
915,-1.926019402,91.3,91.3,91.3,91.3,91.3,91.3,91.3,91.3,91.3,91.3
916,-2.896039654,91.4,91.4,91.4,91.4,91.4,91.4,91.4,91.4,91.4,91.4
917,-3.837123634,91.5,91.5,91.5,91.5,91.5,91.5,91.5,91.5,91.5,91.5
918,-4.739868344,91.6,91.6,91.6,91.6,91.6,91.6,91.6,91.6,91.6,91.6
919,-5.595253856,91.7,91.7,91.7,91.7,91.7,91.7,91.7,91.7,91.7,91.7
920,-6.394733441,91.8,91.8,91.8,91.8,91.8,91.8,91.8,91.8,91.8,91.8
921,-7.130318964,91.9,91.9,91.9,91.9,91.9,91.9,91.9,91.9,91.9,91.9
922,-7.794660696,92,92,92,92,92,92,92,92,92,92
923,-8.381120755,92.1,92.1,92.1,92.1,92.1,92.1,92.1,92.1,92.1,92.1
924,-8.883839426,92.2,92.2,92.2,92.2,92.2,92.2,92.2,92.2,92.2,92.2
925,-9.29779371,92.3,92.3,92.3,92.3,92.3,92.3,92.3,92.3,92.3,92.3
926,-9.618847513,92.4,92.4,92.4,92.4,92.4,92.4,92.4,92.4,92.4,92.4
927,-9.843792971,92.5,92.5,92.5,92.5,92.5,92.5,92.5,92.5,92.5,92.5
928,-9.970382504,92.6,92.6,92.6,92.6,92.6,92.6,92.6,92.6,92.6,92.6
929,-9.99735127,92.7,92.7,92.7,92.7,92.7,92.7,92.7,92.7,92.7,92.7
930,-9.924429807,92.8,92.8,92.8,92.8,92.8,92.8,92.8,92.8,92.8,92.8
931,-9.752346722,92.9,92.9,92.9,92.9,92.9,92.9,92.9,92.9,92.9,92.9
932,-9.482821413,93,93,93,93,93,93,93,93,93,93
933,-9.118546886,93.1,93.1,93.1,93.1,93.1,93.1,93.1,93.1,93.1,93.1
934,-8.663162853,93.2,93.2,93.2,93.2,93.2,93.2,93.2,93.2,93.2,93.2
935,-8.121219361,93.3,93.3,93.3,93.3,93.3,93.3,93.3,93.3,93.3,93.3
936,-7.498131329,93.4,93.4,93.4,93.4,93.4,93.4,93.4,93.4,93.4,93.4
937,-6.800124447,93.5,93.5,93.5,93.5,93.5,93.5,93.5,93.5,93.5,93.5
938,-6.03417297,93.6,93.6,93.6,93.6,93.6,93.6,93.6,93.6,93.6,93.6
939,-5.207930031,93.7,93.7,93.7,93.7,93.7,93.7,93.7,93.7,93.7,93.7
940,-4.329651177,93.8,93.8,93.8,93.8,93.8,93.8,93.8,93.8,93.8,93.8
941,-3.40811188,93.9,93.9,93.9,93.9,93.9,93.9,93.9,93.9,93.9,93.9
942,-2.452519855,94,94,94,94,94,94,94,94,94,94
943,-1.472423062,94.1,94.1,94.1,94.1,94.1,94.1,94.1,94.1,94.1,94.1
944,-0.477614305,94.2,94.2,94.2,94.2,94.2,94.2,94.2,94.2,94.2,94.2
945,0.521966616,94.3,94.3,94.3,94.3,94.3,94.3,94.3,94.3,94.3,94.3
946,1.51633222,94.4,94.4,94.4,94.4,94.4,94.4,94.4,94.4,94.4,94.4
947,2.495547133,94.5,94.5,94.5,94.5,94.5,94.5,94.5,94.5,94.5,94.5
948,3.449827364,94.6,94.6,94.6,94.6,94.6,94.6,94.6,94.6,94.6,94.6
949,4.369638061,94.7,94.7,94.7,94.7,94.7,94.7,94.7,94.7,94.7,94.7
950,5.245788778,94.8,94.8,94.8,94.8,94.8,94.8,94.8,94.8,94.8,94.8
951,6.069525308,94.9,94.9,94.9,94.9,94.9,94.9,94.9,94.9,94.9,94.9
952,6.832617147,95,95,95,95,95,95,95,95,95,95
953,7.527439735,95.1,95.1,95.1,95.1,95.1,95.1,95.1,95.1,95.1,95.1
954,8.147050633,95.2,95.2,95.2,95.2,95.2,95.2,95.2,95.2,95.2,95.2
955,8.685258894,95.3,95.3,95.3,95.3,95.3,95.3,95.3,95.3,95.3,95.3
956,9.136686919,95.4,95.4,95.4,95.4,95.4,95.4,95.4,95.4,95.4,95.4
957,9.496824188,95.5,95.5,95.5,95.5,95.5,95.5,95.5,95.5,95.5,95.5
958,9.76207233,95.6,95.6,95.6,95.6,95.6,95.6,95.6,95.6,95.6,95.6
959,9.929781071,95.7,95.7,95.7,95.7,95.7,95.7,95.7,95.7,95.7,95.7
960,9.998274723,95.8,95.8,95.8,95.8,95.8,95.8,95.8,95.8,95.8,95.8
961,9.966868918,95.9,95.9,95.9,95.9,95.9,95.9,95.9,95.9,95.9,95.9
962,9.835877454,96,96,96,96,96,96,96,96,96,96
963,9.606609154,96.1,96.1,96.1,96.1,96.1,96.1,96.1,96.1,96.1,96.1
964,9.281354791,96.2,96.2,96.2,96.2,96.2,96.2,96.2,96.2,96.2,96.2
965,8.863364198,96.3,96.3,96.3,96.3,96.3,96.3,96.3,96.3,96.3,96.3
966,8.3568138,96.4,96.4,96.4,96.4,96.4,96.4,96.4,96.4,96.4,96.4
967,7.766764882,96.5,96.5,96.5,96.5,96.5,96.5,96.5,96.5,96.5,96.5
968,7.099113015,96.6,96.6,96.6,96.6,96.6,96.6,96.6,96.6,96.6,96.6
969,6.360529159,96.7,96.7,96.7,96.7,96.7,96.7,96.7,96.7,96.7,96.7
970,5.558392997,96.8,96.8,96.8,96.8,96.8,96.8,96.8,96.8,96.8,96.8
971,4.70071921,96.9,96.9,96.9,96.9,96.9,96.9,96.9,96.9,96.9,96.9
972,3.79607739,97,97,97,97,97,97,97,97,97,97
973,2.85350642,97.1,97.1,97.1,97.1,97.1,97.1,97.1,97.1,97.1,97.1
974,1.882424157,97.2,97.2,97.2,97.2,97.2,97.2,97.2,97.2,97.2,97.2
975,0.892533334,97.3,97.3,97.3,97.3,97.3,97.3,97.3,97.3,97.3,97.3
976,-0.106275387,97.4,97.4,97.4,97.4,97.4,97.4,97.4,97.4,97.4,97.4
977,-1.104022239,97.5,97.5,97.5,97.5,97.5,97.5,97.5,97.5,97.5,97.5
978,-2.090738066,97.6,97.6,97.6,97.6,97.6,97.6,97.6,97.6,97.6,97.6
979,-3.05656393,97.7,97.7,97.7,97.7,97.7,97.7,97.7,97.7,97.7,97.7
980,-3.991849617,97.8,97.8,97.8,97.8,97.8,97.8,97.8,97.8,97.8,97.8
981,-4.887250062,97.9,97.9,97.9,97.9,97.9,97.9,97.9,97.9,97.9,97.9
982,-5.73381872,98,98,98,98,98,98,98,98,98,98
983,-6.523096957,98.1,98.1,98.1,98.1,98.1,98.1,98.1,98.1,98.1,98.1
984,-7.247198565,98.2,98.2,98.2,98.2,98.2,98.2,98.2,98.2,98.2,98.2
985,-7.898888561,98.3,98.3,98.3,98.3,98.3,98.3,98.3,98.3,98.3,98.3
986,-8.471655473,98.4,98.4,98.4,98.4,98.4,98.4,98.4,98.4,98.4,98.4
987,-8.959776404,98.5,98.5,98.5,98.5,98.5,98.5,98.5,98.5,98.5,98.5
988,-9.358374211,98.6,98.6,98.6,98.6,98.6,98.6,98.6,98.6,98.6,98.6
989,-9.663466237,98.7,98.7,98.7,98.7,98.7,98.7,98.7,98.7,98.7,98.7
990,-9.872004102,98.8,98.8,98.8,98.8,98.8,98.8,98.8,98.8,98.8,98.8
991,-9.981904165,98.9,98.9,98.9,98.9,98.9,98.9,98.9,98.9,98.9,98.9
992,-9.992068342,99,99,99,99,99,99,99,99,99,99
993,-9.902395074,99.1,99.1,99.1,99.1,99.1,99.1,99.1,99.1,99.1,99.1
994,-9.713780349,99.2,99.2,99.2,99.2,99.2,99.2,99.2,99.2,99.2,99.2
995,-9.428108741,99.3,99.3,99.3,99.3,99.3,99.3,99.3,99.3,99.3,99.3
996,-9.048234587,99.4,99.4,99.4,99.4,99.4,99.4,99.4,99.4,99.4,99.4
997,-8.577953464,99.5,99.5,99.5,99.5,99.5,99.5,99.5,99.5,99.5,99.5
998,-8.021964265,99.6,99.6,99.6,99.6,99.6,99.6,99.6,99.6,99.6,99.6
999,-7.385822251,99.7,99.7,99.7,99.7,99.7,99.7,99.7,99.7,99.7,99.7
1000,-6.675883543,99.8,99.8,99.8,99.8,99.8,99.8,99.8,99.8,99.8,99.8
1001,-5.899241613,99.9,99.9,99.9,99.9,99.9,99.9,99.9,99.9,99.9,99.9
